Start Year,Start Month,Subregion,Total Affected
1904,11,Southern Asia,
1909,12,Southern Asia,
1911,4,Southern Asia,
1912,10,South-eastern Asia,
1914,1,Polynesia,
1919,9,Southern Asia,
1922,4,Southern Asia,
1925,12,Polynesia,
1926,5,Southern Asia,
1926,7,Latin America and the Caribbean,
1928,9,Latin America and the Caribbean,
1928,9,Latin America and the Caribbean,
1929,9,Latin America and the Caribbean,
1931,8,South-eastern Asia,
1934,10,South-eastern Asia,
1935,10,Latin America and the Caribbean,
1937,10,Southern Asia,
1940,2,Melanesia,
1942,2,Polynesia,
1943,3,Polynesia,
1944,7,Southern Asia,10000.0
1944,10,Latin America and the Caribbean,
1945,9,Southern Asia,2000.0
1948,10,Northern America,
1954,12,Latin America and the Caribbean,
1955,1,Latin America and the Caribbean,
1955,1,Latin America and the Caribbean,
1956,5,Southern Asia,1000000.0
1956,8,Latin America and the Caribbean,
1958,1,Melanesia,
1958,1,Polynesia,
1958,5,Southern Asia,
1959,2,Polynesia,1600.0
1959,12,Melanesia,
1960,1,Polynesia,4000.0
1960,7,Latin America and the Caribbean,
1960,7,Latin America and the Caribbean,
1960,9,Latin America and the Caribbean,
1960,9,Latin America and the Caribbean,
1961,5,Southern Asia,
1963,5,South-eastern Asia,200.0
1963,9,Latin America and the Caribbean,
1963,10,Latin America and the Caribbean,
1963,9,Eastern Asia,
1964,8,Latin America and the Caribbean,
1965,2,Polynesia,
1965,9,Latin America and the Caribbean,1200.0
1966,1,Polynesia,
1966,1,Polynesia,
1966,9,Latin America and the Caribbean,
1966,9,Latin America and the Caribbean,
1967,9,Latin America and the Caribbean,
1967,12,Polynesia,
1967,12,Sub-Saharan Africa,23524.0
1967,8,Eastern Asia,1503.0
1968,1,Melanesia,
1968,2,Polynesia,
1968,8,South-eastern Asia,
1968,8,Eastern Asia,3004.0
1968,9,Eastern Asia,
1968,10,Latin America and the Caribbean,
1968,2,Polynesia,4.0
1969,2,Melanesia,
1969,9,Latin America and the Caribbean,8002.0
1969,7,Eastern Asia,374.0
1970,9,South-eastern Asia,1326.0
1970,8,Latin America and the Caribbean,
1970,8,Latin America and the Caribbean,
1971,9,Latin America and the Caribbean,
1972,1,Melanesia,
1972,4,Melanesia,
1972,5,Melanesia,
1973,4,Melanesia,1150.0
1974,9,Latin America and the Caribbean,70000.0
1974,11,Southern Asia,
1974,10,Eastern Asia,1400.0
1974,5,Southern Asia,25000.0
1975,1,Melanesia,23000.0
1975,3,Melanesia,
1975,11,Southern Asia,2000.0
1975,10,Eastern Asia,1997.0
1976,1,Melanesia,
1977,1,Melanesia,
1977,7,South-eastern Asia,1000.0
1977,12,Polynesia,10005.0
1977,8,South-eastern Asia,921.0
1978,2,Melanesia,
1978,4,South-eastern Asia,2500.0
1978,5,South-eastern Asia,132000.0
1978,8,Eastern Asia,4000.0
1978,9,Latin America and the Caribbean,7500.0
1978,12,South-eastern Asia,381.0
1979,1,Melanesia,
1979,2,Sub-Saharan Africa,
1979,8,Latin America and the Caribbean,20003.0
1979,8,Latin America and the Caribbean,
1979,9,Latin America and the Caribbean,
1980,7,Latin America and the Caribbean,20500.0
1980,8,Northern America,
1980,5,South-eastern Asia,3063.0
1980,8,Latin America and the Caribbean,
1980,8,Latin America and the Caribbean,
1980,7,Latin America and the Caribbean,5007.0
1980,8,Latin America and the Caribbean,
1980,2,South-eastern Asia,800.0
1981,1,Melanesia,4700.0
1981,2,Melanesia,
1981,2,Polynesia,
1981,3,Melanesia,
1981,7,South-eastern Asia,28500.0
1981,7,South-eastern Asia,43000.0
1981,12,Melanesia,
1982,1,Sub-Saharan Africa,32000.0
1982,4,Melanesia,30000.0
1982,2,Sub-Saharan Africa,500.0
1982,12,South-eastern Asia,85.0
1983,3,Melanesia,11132.0
1984,4,Sub-Saharan Africa,
1984,11,Southern Asia,35000.0
1984,11,Latin America and the Caribbean,
1984,10,Western Europe,
1984,8,Eastern Asia,
1985,3,Melanesia,650.0
1986,9,Latin America and the Caribbean,
1987,2,Polynesia,
1987,9,Latin America and the Caribbean,208.0
1987,9,Northern America,40.0
1987,10,Micronesia,502.0
1987,6,Northern America,
1987,9,Latin America and the Caribbean,
1988,1,Melanesia,4700.0
1988,10,Latin America and the Caribbean,12.0
1988,11,Northern America,
1988,10,Eastern Asia,104.0
1988,9,Latin America and the Caribbean,
1988,8,Melanesia,2000.0
1988,9,Latin America and the Caribbean,60000.0
1989,1,Polynesia,
1989,1,Sub-Saharan Africa,
1989,8,Northern America,
1989,9,Northern America,
1989,9,Latin America and the Caribbean,710.0
1989,9,Latin America and the Caribbean,
1989,9,Latin America and the Caribbean,
1989,9,Latin America and the Caribbean,
1989,9,Latin America and the Caribbean,10000.0
1989,8,Latin America and the Caribbean,2000.0
1989,8,Northern America,
1989,9,Eastern Asia,
1989,1,Polynesia,
1990,2,Polynesia,102.0
1990,2,Polynesia,200.0
1990,2,Polynesia,700.0
1990,7,Latin America and the Caribbean,
1990,7,Latin America and the Caribbean,
1990,7,Latin America and the Caribbean,
1990,7,Latin America and the Caribbean,1000.0
1990,7,Latin America and the Caribbean,1000.0
1990,8,Latin America and the Caribbean,
1990,8,Latin America and the Caribbean,
1990,8,Latin America and the Caribbean,
1990,8,Latin America and the Caribbean,
1990,11,Melanesia,6000.0
1990,12,Australia and New Zealand,
1990,9,South-eastern Asia,
1990,9,Eastern Asia,
1991,1,Sub-Saharan Africa,7500.0
1991,11,Micronesia,6000.0
1991,7,Eastern Asia,
1992,3,Melanesia,1150.0
1992,1,Northern America,20000.0
1992,7,Eastern Asia,61.0
1992,11,Eastern Europe,1000.0
1992,9,Eastern Asia,433.0
1992,10,South-eastern Asia,160550.0
1993,1,Polynesia,150.0
1993,1,Northern Europe,
1993,8,Latin America and the Caribbean,3000.0
1993,4,Northern America,
1993,10,Eastern Asia,200000.0
1993,8,Eastern Asia,535.0
1993,6,Eastern Asia,1639.0
1993,8,Eastern Asia,330.0
1993,9,Eastern Asia,388.0
1993,9,Sub-Saharan Africa,1722.0
1994,3,Sub-Saharan Africa,
1994,5,South-eastern Asia,5000.0
1994,7,Eastern Europe,
1994,8,Eastern Asia,
1995,9,Latin America and the Caribbean,800.0
1995,9,Latin America and the Caribbean,
1995,9,Latin America and the Caribbean,
1995,9,Latin America and the Caribbean,
1995,9,Latin America and the Caribbean,98000.0
1995,9,Latin America and the Caribbean,
1995,9,Latin America and the Caribbean,
1995,9,Latin America and the Caribbean,1800.0
1995,9,Latin America and the Caribbean,
1995,10,Latin America and the Caribbean,
1995,10,Latin America and the Caribbean,8062.0
1995,7,Latin America and the Caribbean,
1995,7,South-eastern Asia,20000.0
1996,7,Latin America and the Caribbean,
1996,7,Latin America and the Caribbean,
1996,9,Northern America,
1996,9,Latin America and the Caribbean,
1996,10,Latin America and the Caribbean,336676.0
1996,10,Western Europe,
1996,11,Latin America and the Caribbean,800.0
1996,4,Australia and New Zealand,1760.0
1996,7,Latin America and the Caribbean,3.0
1997,1,Sub-Saharan Africa,
1997,3,Polynesia,3000.0
1997,8,Eastern Asia,
1997,8,South-eastern Asia,
1997,11,Latin America and the Caribbean,3555.0
1997,12,Micronesia,6420.0
1997,7,Northern America,
1998,1,Polynesia,500.0
1998,3,Melanesia,2400.0
1998,9,Latin America and the Caribbean,
1998,9,Latin America and the Caribbean,
1998,9,Latin America and the Caribbean,
1998,12,Polynesia,3071.0
1999,1,Central Asia,1500.0
1999,2,Melanesia,
1999,3,Sub-Saharan Africa,1000.0
1999,11,Latin America and the Caribbean,1180.0
1999,11,Latin America and the Caribbean,210.0
1999,11,Latin America and the Caribbean,150.0
1999,11,Latin America and the Caribbean,600.0
1999,10,Southern Asia,
1999,11,Latin America and the Caribbean,200.0
1999,11,Latin America and the Caribbean,100.0
1999,11,Latin America and the Caribbean,715.0
2000,4,Australia and New Zealand,400.0
2000,4,Southern Asia,7012.0
2000,10,Southern Asia,
2000,11,Southern Asia,30000.0
2000,12,Australia and New Zealand,750.0
2001,7,Eastern Asia,23250.0
2001,6,Eastern Asia,11126.0
2001,7,Latin America and the Caribbean,100.0
2001,10,Latin America and the Caribbean,
2001,10,Latin America and the Caribbean,
2001,10,Latin America and the Caribbean,
2001,12,Polynesia,744.0
2001,11,Latin America and the Caribbean,
2001,12,Polynesia,16500.0
2001,5,Southern Asia,
2001,8,Latin America and the Caribbean,2500.0
2001,8,Latin America and the Caribbean,
2002,1,Sub-Saharan Africa,3100.0
2002,3,Micronesia,175.0
2002,7,Eastern Asia,579.0
2002,7,Micronesia,4044.0
2002,9,Sub-Saharan Africa,6800.0
2002,9,Latin America and the Caribbean,42500.0
2002,9,Latin America and the Caribbean,2000.0
2002,9,Latin America and the Caribbean,300.0
2002,9,Latin America and the Caribbean,75.0
2002,9,Latin America and the Caribbean,500.0
2002,9,Latin America and the Caribbean,
2002,9,Latin America and the Caribbean,
2002,10,Northern America,
2002,12,Melanesia,1110.0
2002,12,Micronesia,300.0
2002,9,Latin America and the Caribbean,500.0
2003,1,Melanesia,275.0
2003,1,Sub-Saharan Africa,500.0
2003,4,Southern Asia,460.0
2003,6,Melanesia,150.0
2003,7,Eastern Asia,3511.0
2003,8,Eastern Europe,
2003,7,South-eastern Asia,5018.0
2003,9,Northern America,
2003,11,Micronesia,1000.0
2003,11,Eastern Asia,1720000.0
2003,12,Latin America and the Caribbean,100.0
2003,12,Sub-Saharan Africa,164.0
2003,7,South-eastern Asia,3748.0
2003,8,South-eastern Asia,155147.0
2004,1,Polynesia,23060.0
2004,1,Polynesia,
2004,3,South-eastern Asia,1315.0
2004,8,Latin America and the Caribbean,
2004,8,Micronesia,
2004,9,Latin America and the Caribbean,250.0
2004,8,Latin America and the Caribbean,
2004,9,Latin America and the Caribbean,200.0
2004,9,Eastern Asia,
2004,9,Latin America and the Caribbean,3245.0
2004,9,Latin America and the Caribbean,
2004,9,Latin America and the Caribbean,1004.0
2004,9,Latin America and the Caribbean,
2005,2,Polynesia,608.0
2005,2,Polynesia,26.0
2005,2,Polynesia,
2005,7,Latin America and the Caribbean,
2005,7,Latin America and the Caribbean,530.0
2005,7,Eastern Asia,
2005,10,Latin America and the Caribbean,
2005,10,Latin America and the Caribbean,
2005,10,Latin America and the Caribbean,3074.0
2005,10,Latin America and the Caribbean,11000.0
2005,5,Latin America and the Caribbean,
2006,1,Australia and New Zealand,1500.0
2006,1,Melanesia,168.0
2006,3,Australia and New Zealand,7030.0
2006,3,Australia and New Zealand,500.0
2006,6,Latin America and the Caribbean,268.0
2006,7,Eastern Asia,800.0
2007,2,Sub-Saharan Africa,
2007,3,Australia and New Zealand,300.0
2007,8,Latin America and the Caribbean,20000.0
2007,8,Latin America and the Caribbean,
2007,8,Latin America and the Caribbean,
2007,8,Eastern Asia,1812.0
2007,9,Latin America and the Caribbean,3905.0
2007,9,Latin America and the Caribbean,30000.0
2007,9,Latin America and the Caribbean,2800.0
2007,9,Eastern Asia,1649.0
2007,10,Eastern Asia,
2007,11,Southern Asia,
2007,12,Melanesia,69.0
2008,3,Sub-Saharan Africa,400.0
2008,5,South-eastern Asia,1000.0
2008,5,Latin America and the Caribbean,
2008,7,Northern America,
2008,8,Eastern Asia,42000.0
2008,8,Eastern Asia,37.0
2008,8,South-eastern Asia,
2008,8,Latin America and the Caribbean,
2008,8,Latin America and the Caribbean,
2008,8,Latin America and the Caribbean,450019.0
2008,8,Latin America and the Caribbean,
2008,9,Latin America and the Caribbean,750.0
2008,9,Latin America and the Caribbean,3000.0
2008,9,Latin America and the Caribbean,750.0
2008,9,Eastern Asia,58.0
2008,9,Eastern Asia,
2008,11,Latin America and the Caribbean,49445.0
2008,11,Latin America and the Caribbean,
2008,10,Latin America and the Caribbean,25800.0
2008,10,Latin America and the Caribbean,
2009,1,Australia and New Zealand,400.0
2009,3,Sub-Saharan Africa,3376.0
2009,3,Sub-Saharan Africa,7103.0
2009,8,Northern America,3.0
2009,9,Eastern Asia,350.0
2009,10,South-eastern Asia,
2009,11,Latin America and the Caribbean,40000.0
2009,11,Latin America and the Caribbean,19897.0
2010,2,Polynesia,2202.0
2010,3,Melanesia,795.0
2010,6,Latin America and the Caribbean,2180.0
2010,8,Latin America and the Caribbean,5000.0
2010,9,Latin America and the Caribbean,
2010,9,Latin America and the Caribbean,
2010,9,Latin America and the Caribbean,
2010,10,Eastern Asia,
2010,10,Latin America and the Caribbean,2500.0
2010,10,Latin America and the Caribbean,12000.0
2010,10,Latin America and the Caribbean,6100.0
2011,2,Melanesia,
2011,2,Melanesia,
2011,1,Melanesia,
2011,1,Melanesia,32000.0
2011,8,Eastern Asia,3649800.0
2011,8,Latin America and the Caribbean,
2011,8,Latin America and the Caribbean,10000.0
2011,9,Latin America and the Caribbean,240.0
2011,5,South-eastern Asia,446907.0
2011,6,Eastern Asia,
2011,6,South-eastern Asia,
2011,6,South-eastern Asia,
2012,1,Sub-Saharan Africa,300.0
2012,1,Sub-Saharan Africa,6000.0
2012,1,Sub-Saharan Africa,1350.0
2012,8,Latin America and the Caribbean,
2012,8,Eastern Asia,
2012,10,Southern Asia,69000.0
2012,10,South-eastern Asia,322.0
2012,12,Polynesia,1252.0
2012,12,Micronesia,1250.0
2012,9,Eastern Asia,25250.0
2012,9,Eastern Asia,3120.0
2013,2,Sub-Saharan Africa,3000.0
2013,8,Eastern Asia,189800.0
2013,8,Eastern Asia,5000.0
2013,9,Eastern Asia,
2013,10,Eastern Asia,4392.0
2013,11,Micronesia,
2014,3,Sub-Saharan Africa,9511.0
2014,5,Latin America and the Caribbean,
2014,6,Eastern Asia,5000.0
2014,7,Eastern Asia,
2014,8,Eastern Asia,4401.0
2014,9,Eastern Asia,1250.0
2014,9,Eastern Asia,
2014,4,Melanesia,12346.0
2014,11,South-eastern Asia,750.0
2015,2,Australia and New Zealand,438.0
2015,3,Micronesia,1500.0
2015,3,Melanesia,9199.0
2015,3,Melanesia,44096.0
2015,3,Polynesia,4613.0
2015,4,South-eastern Asia,2761.0
2015,3,Australia and New Zealand,600.0
2015,5,Eastern Asia,45.0
2015,7,Eastern Asia,13800.0
2015,7,Eastern Asia,6.0
2015,6,Eastern Asia,193000.0
2015,7,Eastern Asia,56000.0
2015,7,South-eastern Asia,55567.0
2015,8,Micronesia,360.0
2015,8,South-eastern Asia,3843.0
2015,8,Eastern Asia,70.0
2015,8,Latin America and the Caribbean,2133.0
2015,9,Eastern Asia,
2015,9,Eastern Asia,
2015,11,Sub-Saharan Africa,4000.0
2015,11,Sub-Saharan Africa,
2015,9,South-eastern Asia,6300.0
2016,1,Polynesia,392.0
2016,2,Polynesia,
2016,4,Polynesia,
2016,8,Latin America and the Caribbean,10355.0
2016,8,Latin America and the Caribbean,55.0
2016,9,Eastern Asia,205500.0
2016,9,South-eastern Asia,16648.0
2016,9,Eastern Asia,
2016,9,Latin America and the Caribbean,
2016,9,Latin America and the Caribbean,190000.0
2016,9,Latin America and the Caribbean,125000.0
2016,9,Latin America and the Caribbean,25000.0
2016,10,Eastern Asia,
2016,10,Eastern Asia,
2016,10,South-eastern Asia,52270.0
2016,10,Eastern Asia,12000.0
2016,8,Eastern Asia,40000.0
2016,11,Latin America and the Caribbean,10570.0
2016,11,South-eastern Asia,14309.0
2016,9,South-eastern Asia,1559.0
2017,5,Southern Asia,1970.0
2017,6,South-eastern Asia,107520.0
2017,5,Melanesia,2564.0
2017,7,Eastern Asia,30000.0
2017,7,South-eastern Asia,
2017,7,South-eastern Asia,60.0
2017,8,Eastern Asia,13800.0
2017,7,South-eastern Asia,7339.0
2017,8,Latin America and the Caribbean,300.0
2017,8,Eastern Asia,156.0
2017,9,Latin America and the Caribbean,
2017,9,Latin America and the Caribbean,6300.0
2017,9,Latin America and the Caribbean,500.0
2017,9,Latin America and the Caribbean,
2017,9,Latin America and the Caribbean,2.0
2017,9,Latin America and the Caribbean,
2017,9,South-eastern Asia,28500.0
2017,10,Latin America and the Caribbean,
2017,10,Northern America,60.0
2017,8,Eastern Asia,
2017,8,South-eastern Asia,3400.0
2018,1,Sub-Saharan Africa,30000.0
2018,1,Sub-Saharan Africa,200.0
2018,2,Polynesia,87000.0
2018,2,Polynesia,
2018,2,South-eastern Asia,254859.0
2018,4,Melanesia,89250.0
2018,7,South-eastern Asia,120000.0
2018,7,Latin America and the Caribbean,8000.0
2018,7,Latin America and the Caribbean,
2018,7,Eastern Asia,45000.0
2018,8,South-eastern Asia,615145.0
2018,8,Eastern Asia,
2018,9,Eastern Asia,
2018,9,Eastern Asia,300.0
2018,10,Latin America and the Caribbean,540.0
2018,10,Western Asia,
2019,1,Micronesia,
2018,12,Melanesia,1000.0
2019,1,South-eastern Asia,13160.0
2019,2,Micronesia,10000.0
2019,4,Sub-Saharan Africa,2000000.0
2019,9,Eastern Asia,
2019,9,Eastern Asia,
2019,9,Eastern Asia,2021.0
2019,11,South-eastern Asia,3000.0
2019,12,Sub-Saharan Africa,
2020,1,Polynesia,5500.0
2020,4,Polynesia,25000.0
2020,6,Latin America and the Caribbean,606.0
2020,8,South-eastern Asia,1000.0
2020,8,Eastern Asia,15100.0
2020,7,Latin America and the Caribbean,500.0
2020,7,Northern America,
2020,8,Eastern Asia,12235.0
2020,9,Eastern Asia,8.0
2020,9,South-eastern Asia,
2020,11,Latin America and the Caribbean,60000.0
2020,11,Latin America and the Caribbean,49800.0
2020,11,Latin America and the Caribbean,25000.0
2020,11,Latin America and the Caribbean,
2020,10,Latin America and the Caribbean,
2020,11,South-eastern Asia,
2021,1,Sub-Saharan Africa,
2021,2,Australia and New Zealand,6000.0
2021,3,Melanesia,
2021,4,Micronesia,7288.0
2021,5,Southern Asia,879.0
2021,5,Southern Asia,1320.0
2021,6,South-eastern Asia,26000.0
2021,6,Eastern Asia,
2021,7,Latin America and the Caribbean,3300.0
2021,7,Latin America and the Caribbean,
2021,7,Latin America and the Caribbean,3.0
2021,7,Latin America and the Caribbean,129.0
2021,8,Latin America and the Caribbean,4025.0
2021,8,Latin America and the Caribbean,
2021,8,Northern America,86.0
2021,8,Latin America and the Caribbean,
2021,8,Eastern Asia,600.0
2021,9,Northern America,
2021,10,Latin America and the Caribbean,150.0
2022,1,Sub-Saharan Africa,3000.0
2022,2,Sub-Saharan Africa,13.0
2022,7,Eastern Asia,392.0
2022,8,South-eastern Asia,7616.0
2022,10,Latin America and the Caribbean,5002.0
2022,10,Latin America and the Caribbean,300000.0
2022,10,South-eastern Asia,7000.0
2022,10,South-eastern Asia,103602.0
2022,10,Eastern Asia,100.0
2022,11,Latin America and the Caribbean,172150.0
2022,12,Southern Asia,
2023,2,Sub-Saharan Africa,25000.0
2023,2,Melanesia,251346.0
2023,3,Melanesia,251356.0
2023,4,South-eastern Asia,136149.0
2023,5,Southern Asia,1000.0
2023,6,Latin America and the Caribbean,179.0
2023,6,Latin America and the Caribbean,150.0
2023,8,Eastern Asia,666.0
2023,8,Latin America and the Caribbean,
2023,9,Eastern Asia,86.0
2023,9,Latin America and the Caribbean,6000.0
2023,10,Eastern Asia,
2023,10,Eastern Asia,
2023,10,South-eastern Asia,275.0
2023,10,Melanesia,22319.0
2023,10,Melanesia,91000.0
2023,11,Melanesia,230000.0
2023,12,Australia and New Zealand,300.0
2024,7,Latin America and the Caribbean,2500.0
2024,9,Northern America,
2024,9,Eastern Asia,
2024,9,Latin America and the Caribbean,
2024,9,Latin America and the Caribbean,
2024,10,South-eastern Asia,
2024,11,Latin America and the Caribbean,
2024,11,Latin America and the Caribbean,4000000.0
2024,11,South-eastern Asia,310002.0
2024,11,Latin America and the Caribbean,162.0
2024,11,Latin America and the Caribbean,3418.0
2024,11,Latin America and the Caribbean,50240.0
2024,11,Latin America and the Caribbean,480.0
2024,12,Sub-Saharan Africa,64155.0
2024,12,Sub-Saharan Africa,135838.0
1970,11,Southern Asia,3648000.0
1991,4,Southern Asia,15438849.0
2008,5,South-eastern Asia,2420000.0
1922,7,Eastern Asia,
1942,10,Southern Asia,
1912,8,Eastern Asia,
1942,10,Southern Asia,
1965,5,Southern Asia,15600000.0
1963,5,Southern Asia,1000000.0
1985,5,Southern Asia,1810000.0
1998,10,Latin America and the Caribbean,2112000.0
1977,11,Southern Asia,14469800.0
1965,6,Southern Asia,
1937,9,Eastern Asia,
1961,5,Southern Asia,
1906,9,Eastern Asia,
1965,12,Southern Asia,
1999,10,Southern Asia,12628312.0
1971,10,Southern Asia,6900000.0
1974,9,Latin America and the Caribbean,600000.0
2013,11,South-eastern Asia,16106870.0
1964,9,South-eastern Asia,700000.0
1900,9,Northern America,
1991,11,South-eastern Asia,647254.0
1960,10,Southern Asia,200000.0
1959,9,Eastern Asia,1500000.0
1927,9,Eastern Asia,
1941,5,Southern Asia,
1943,7,Southern Asia,
1963,10,Latin America and the Caribbean,
2007,11,Southern Asia,8978541.0
1917,9,Eastern Asia,
1945,9,Eastern Asia,1340691.0
1997,11,South-eastern Asia,1081127.0
1998,10,Latin America and the Caribbean,868228.0
1934,9,Eastern Asia,
1923,9,Eastern Asia,
1960,10,Southern Asia,
1998,6,Southern Asia,4600893.0
2004,9,Latin America and the Caribbean,315594.0
1926,5,South-eastern Asia,40000.0
1932,11,Latin America and the Caribbean,
1974,8,Southern Asia,
1935,10,Latin America and the Caribbean,
1928,9,Latin America and the Caribbean,
1930,9,Latin America and the Caribbean,12000.0
1934,6,Latin America and the Caribbean,
1947,10,Eastern Asia,
1956,8,Eastern Asia,
1947,9,Eastern Asia,
2012,12,South-eastern Asia,6246664.0
1928,9,Northern America,
2005,8,Northern America,500000.0
1954,9,Eastern Asia,
1963,10,Latin America and the Caribbean,
1973,6,South-eastern Asia,
2004,11,South-eastern Asia,881023.0
1915,8,Latin America and the Caribbean,
1970,10,South-eastern Asia,1214985.0
2005,10,Latin America and the Caribbean,475314.0
1931,9,Latin America and the Caribbean,
1931,9,Latin America and the Caribbean,
1955,9,Southern Asia,375000.0
2011,12,South-eastern Asia,1150300.0
1979,8,Latin America and the Caribbean,1554000.0
1984,9,South-eastern Asia,1786865.0
2006,11,South-eastern Asia,2562517.0
1924,9,Southern Asia,1000000.0
2023,3,Sub-Saharan Africa,2269644.0
1958,9,Eastern Asia,
1994,8,Eastern Asia,11001800.0
1994,11,Latin America and the Caribbean,1587000.0
1936,8,Eastern Asia,
1984,11,South-eastern Asia,2261900.0
1968,5,South-eastern Asia,90000.0
1959,8,Eastern Asia,
1959,8,Eastern Asia,
1911,8,Eastern Asia,
1912,9,Eastern Asia,
1924,8,Eastern Asia,
1936,4,South-eastern Asia,150000.0
1948,6,Eastern Asia,
1949,10,Southern Asia,
1949,10,South-eastern Asia,
1953,9,South-eastern Asia,
1967,10,Southern Asia,
1973,12,Southern Asia,
1981,12,Southern Asia,2000000.0
1988,11,Southern Asia,10568860.0
1952,10,South-eastern Asia,349.0
1959,10,Latin America and the Caribbean,
1990,5,Southern Asia,2600000.0
1951,10,Eastern Asia,
2017,12,Southern Asia,60000.0
1987,11,South-eastern Asia,1819112.0
1995,11,South-eastern Asia,1599588.0
1965,12,Southern Asia,60000.0
1948,9,Eastern Asia,414153.0
1966,10,Southern Asia,1800000.0
1969,4,Southern Asia,199473.0
2006,7,Eastern Asia,29622000.0
1948,9,Eastern Asia,
1985,10,South-eastern Asia,450257.0
1970,11,South-eastern Asia,432075.0
1962,10,South-eastern Asia,
1989,5,South-eastern Asia,336106.0
1978,11,Southern Asia,1005000.0
1996,6,Southern Asia,1842100.0
1959,8,Eastern Asia,
1996,11,Southern Asia,7000000.0
1964,9,Eastern Asia,
1958,9,Eastern Asia,
2008,6,South-eastern Asia,4785460.0
1970,9,South-eastern Asia,76.0
2009,8,Eastern Asia,2307523.0
1927,11,Southern Asia,
2019,3,Sub-Saharan Africa,270186.0
1993,11,Southern Asia,
2019,3,Sub-Saharan Africa,1501500.0
1902,5,South-eastern Asia,
1926,10,Latin America and the Caribbean,
1938,9,Northern America,
1969,5,Southern Asia,260000.0
1976,10,Latin America and the Caribbean,276400.0
1983,10,Southern Asia,5000.0
1979,5,Southern Asia,1605772.0
1996,7,South-eastern Asia,387091.0
1964,11,South-eastern Asia,301258.0
1983,9,South-eastern Asia,845324.0
1970,9,South-eastern Asia,1593.0
1951,12,South-eastern Asia,60000.0
1983,6,Southern Asia,800000.0
1989,9,Eastern Asia,7002696.0
2016,9,Latin America and the Caribbean,2100439.0
2008,9,Latin America and the Caribbean,48000.0
1915,8,Northern America,
1996,5,Southern Asia,118291.0
1984,11,Southern Asia,1300000.0
1997,12,Latin America and the Caribbean,580730.0
1936,10,South-eastern Asia,
2009,9,South-eastern Asia,4478491.0
1950,9,Eastern Asia,642117.0
1990,11,South-eastern Asia,6159569.0
2009,9,South-eastern Asia,4901763.0
1919,9,Northern America,
1947,10,Southern Asia,
1955,9,Latin America and the Caribbean,
1955,11,Southern Asia,
1958,10,Southern Asia,
1964,12,Southern Asia,
1982,11,Southern Asia,5000000.0
1987,7,Eastern Asia,56000.0
1966,9,Latin America and the Caribbean,67881.0
1998,10,Latin America and the Caribbean,84000.0
2024,9,South-eastern Asia,1000048.0
1989,11,South-eastern Asia,199000.0
2021,12,South-eastern Asia,10608996.0
1945,10,Eastern Asia,540981.0
1999,5,Southern Asia,40696.0
1964,6,Southern Asia,400000.0
1995,8,Eastern Asia,25000.0
2006,8,Eastern Asia,5923350.0
1961,11,Latin America and the Caribbean,
1986,9,South-eastern Asia,2502502.0
1959,9,Eastern Asia,
1949,6,Eastern Asia,194046.0
1988,10,South-eastern Asia,3250208.0
1954,10,Latin America and the Caribbean,250000.0
1935,9,Northern America,
1952,11,Southern Asia,1000000.0
1963,10,Latin America and the Caribbean,
1944,9,Northern America,
1957,6,Northern America,
1998,10,Latin America and the Caribbean,105700.0
1990,10,Southern Asia,13870.0
2004,3,Sub-Saharan Africa,988139.0
2019,9,Latin America and the Caribbean,14940.0
1998,9,Latin America and the Caribbean,975595.0
2022,4,South-eastern Asia,2298788.0
2024,9,South-eastern Asia,3601978.0
1978,10,South-eastern Asia,1500749.0
1998,10,South-eastern Asia,3902424.0
1969,8,Northern America,
1966,9,Eastern Asia,13805.0
1993,12,South-eastern Asia,1159802.0
1938,12,South-eastern Asia,
1944,6,Southern Asia,
1916,11,Southern Asia,
1928,9,Latin America and the Caribbean,
1955,9,Latin America and the Caribbean,
1956,12,South-eastern Asia,
1964,4,Southern Asia,800.0
1965,9,Northern America,
2001,11,South-eastern Asia,1060147.0
1988,11,South-eastern Asia,1045029.0
1998,11,South-eastern Asia,2440092.0
1961,10,Latin America and the Caribbean,
1961,10,Latin America and the Caribbean,
2009,11,Latin America and the Caribbean,90000.0
1976,5,South-eastern Asia,2700000.0
1973,11,South-eastern Asia,3400024.0
1996,12,South-eastern Asia,4176.0
1969,9,Latin America and the Caribbean,10200.0
1996,8,Eastern Asia,100000.0
1967,7,Eastern Asia,3005.0
1981,11,South-eastern Asia,840173.0
1946,11,South-eastern Asia,
2017,1,Sub-Saharan Africa,113023.0
1953,9,Eastern Asia,1000000.0
1981,12,South-eastern Asia,180000.0
1990,11,Southern Asia,1500000.0
1998,10,Southern Asia,
1982,6,Southern Asia,300493.0
1926,9,Northern America,
2020,10,South-eastern Asia,1500000.0
2024,9,Northern America,
2007,6,Southern Asia,1650000.0
1905,9,South-eastern Asia,
1988,9,Latin America and the Caribbean,100000.0
1994,3,Sub-Saharan Africa,2502000.0
1998,9,Latin America and the Caribbean,3000.0
1957,7,Eastern Asia,
2004,5,South-eastern Asia,25000.0
1960,5,South-eastern Asia,
1936,10,Southern Asia,
2001,7,South-eastern Asia,1902654.0
1937,11,South-eastern Asia,
1999,5,Southern Asia,535940.0
1997,10,Latin America and the Caribbean,800200.0
2006,9,South-eastern Asia,3842406.0
2021,4,South-eastern Asia,509625.0
1932,9,Latin America and the Caribbean,
1982,9,Latin America and the Caribbean,50000.0
1980,8,Latin America and the Caribbean,1165000.0
1981,6,South-eastern Asia,15478.0
1994,10,Southern Asia,428500.0
1964,12,Southern Asia,380000.0
1972,1,South-eastern Asia,28.0
2006,5,South-eastern Asia,600000.0
1961,9,Eastern Asia,
1931,2,Melanesia,
1957,12,Southern Asia,250000.0
1969,11,Southern Asia,
1975,5,South-eastern Asia,
1981,12,Southern Asia,20000.0
1989,7,Eastern Asia,
1994,1,Sub-Saharan Africa,540043.0
1998,11,Southern Asia,121000.0
1960,8,Eastern Asia,
2021,5,Southern Asia,700153.0
1996,9,Eastern Asia,15005000.0
1969,9,Eastern Asia,40408.0
1988,8,Eastern Asia,136232.0
1996,8,South-eastern Asia,
2001,4,Southern Asia,2500.0
1999,9,Eastern Asia,541200.0
2024,10,South-eastern Asia,9652739.0
1998,9,Latin America and the Caribbean,12029.0
2009,5,Southern Asia,3935341.0
1980,7,Eastern Asia,100.0
1997,9,Southern Asia,750063.0
2004,8,Eastern Asia,9062000.0
1955,8,Northern America,
1995,10,South-eastern Asia,864437.0
2002,8,Eastern Asia,88625.0
1962,8,Eastern Asia,72000.0
2023,2,Sub-Saharan Africa,1231389.0
2009,9,South-eastern Asia,2477315.0
2018,12,South-eastern Asia,1016063.0
1967,10,South-eastern Asia,27319.0
1985,7,Eastern Asia,101400.0
2007,9,Latin America and the Caribbean,188726.0
1980,9,South-eastern Asia,9027174.0
2010,5,Latin America and the Caribbean,397962.0
1909,10,Southern Asia,
1986,7,Eastern Asia,4001250.0
1995,11,Southern Asia,250000.0
2007,11,Melanesia,162140.0
1978,11,Southern Asia,
1976,9,Eastern Asia,325107.0
2013,9,Latin America and the Caribbean,105000.0
1992,8,Eastern Asia,5000000.0
1948,1,Sub-Saharan Africa,
1971,5,Southern Asia,
2008,8,South-eastern Asia,57630.0
2013,11,Sub-Saharan Africa,142380.0
1949,9,Eastern Asia,
2020,11,Latin America and the Caribbean,2415888.0
2005,9,Eastern Asia,19624000.0
2022,10,South-eastern Asia,3323291.0
1951,4,South-eastern Asia,
1962,8,South-eastern Asia,
1951,8,Latin America and the Caribbean,20200.0
2000,10,South-eastern Asia,2436256.0
1997,10,South-eastern Asia,
2022,9,Northern America,
1982,3,South-eastern Asia,789031.0
1909,11,Latin America and the Caribbean,
1960,10,South-eastern Asia,375000.0
1980,7,Eastern Asia,20000.0
2023,5,South-eastern Asia,1200132.0
1932,4,South-eastern Asia,2500.0
1989,10,South-eastern Asia,289191.0
1995,10,South-eastern Asia,348053.0
2010,7,South-eastern Asia,585474.0
1990,8,Eastern Asia,
1974,5,Eastern Asia,
1912,11,Latin America and the Caribbean,94820.0
1997,1,Sub-Saharan Africa,600000.0
1997,8,Eastern Asia,837000.0
1959,8,Eastern Asia,
1984,8,South-eastern Asia,483747.0
1970,8,South-eastern Asia,145200.0
1988,10,South-eastern Asia,600000.0
1987,7,Eastern Asia,
1971,8,Eastern Asia,
1983,10,Latin America and the Caribbean,25000.0
1972,6,Northern America,
1984,11,South-eastern Asia,650705.0
1980,7,South-eastern Asia,6624710.0
1987,6,Eastern Asia,900086.0
1972,6,South-eastern Asia,385000.0
1982,5,Latin America and the Caribbean,20000.0
1988,10,Latin America and the Caribbean,360278.0
1993,11,South-eastern Asia,11506.0
1994,5,Southern Asia,653559.0
2000,2,Sub-Saharan Africa,736937.0
2003,9,Eastern Asia,80000.0
2007,10,Latin America and the Caribbean,79728.0
1995,11,Southern Asia,
1991,11,Southern Asia,25000.0
1993,4,Southern Asia,500.0
2001,6,Eastern Asia,3108000.0
1993,10,South-eastern Asia,1941566.0
2002,11,Southern Asia,
2009,11,South-eastern Asia,500145.0
2017,11,South-eastern Asia,4330000.0
1955,9,Latin America and the Caribbean,
1972,6,Northern America,
2010,3,Sub-Saharan Africa,192132.0
2024,12,Sub-Saharan Africa,454839.0
1968,4,Southern Asia,16138.0
1998,9,South-eastern Asia,1749436.0
1982,3,South-eastern Asia,16000.0
1971,8,Eastern Asia,1486.0
1979,8,Eastern Asia,35000.0
1983,7,South-eastern Asia,149892.0
1990,8,Eastern Asia,
2006,9,Southern Asia,9135.0
2006,9,Southern Asia,150300.0
2010,4,Southern Asia,500000.0
1981,8,Eastern Asia,14253.0
1963,4,Southern Asia,
1997,5,Southern Asia,3052738.0
2014,7,South-eastern Asia,4654966.0
2020,11,South-eastern Asia,514909.0
1976,12,South-eastern Asia,1758.0
2020,11,Latin America and the Caribbean,4566584.0
1957,9,Eastern Asia,
1984,1,Sub-Saharan Africa,350000.0
1986,7,South-eastern Asia,647313.0
1989,7,Eastern Asia,75194.0
2006,7,Eastern Asia,6531000.0
1990,7,Eastern Asia,100800.0
1956,4,Sub-Saharan Africa,
1962,8,Eastern Asia,
1967,11,South-eastern Asia,137000.0
1970,9,Eastern Asia,14000.0
1981,12,Sub-Saharan Africa,118000.0
1961,9,Eastern Asia,
1974,6,South-eastern Asia,1367.0
1977,5,Western Asia,5048.0
1995,9,Latin America and the Caribbean,40000.0
1989,7,South-eastern Asia,1445491.0
1989,10,South-eastern Asia,4635762.0
2004,11,South-eastern Asia,838674.0
2023,10,Latin America and the Caribbean,988000.0
2011,9,South-eastern Asia,3030846.0
1968,8,Eastern Asia,
1987,9,Eastern Asia,25400.0
1980,11,South-eastern Asia,1004000.0
1986,5,Melanesia,150000.0
1987,11,South-eastern Asia,937011.0
1923,8,Eastern Asia,
1951,12,Melanesia,
1951,9,Eastern Asia,
1960,6,South-eastern Asia,50000.0
1964,8,Latin America and the Caribbean,80000.0
1965,10,South-eastern Asia,500000.0
1967,5,South-eastern Asia,130200.0
1972,9,Southern Asia,4500000.0
1972,12,South-eastern Asia,107650.0
1973,11,South-eastern Asia,150000.0
1981,10,Latin America and the Caribbean,
1983,10,Southern Asia,714000.0
1985,6,South-eastern Asia,420200.0
1987,10,South-eastern Asia,78979.0
1988,3,Sub-Saharan Africa,4000.0
1991,7,Eastern Asia,1013939.0
1993,8,Latin America and the Caribbean,5900.0
2001,7,Eastern Asia,
2001,7,Eastern Asia,
1986,3,Sub-Saharan Africa,84309.0
2019,10,Eastern Asia,390470.0
1989,7,South-eastern Asia,486382.0
2017,9,Northern America,70000.0
1982,10,South-eastern Asia,64179.0
2007,9,South-eastern Asia,685430.0
2009,5,Southern Asia,5100000.0
2021,8,Northern America,14000.0
1954,10,Northern America,
1971,4,South-eastern Asia,
1976,11,Southern Asia,300000.0
2005,10,Eastern Asia,2460000.0
2006,11,South-eastern Asia,1226360.0
1995,10,Southern Asia,12000.0
2000,11,South-eastern Asia,1747872.0
2008,2,Sub-Saharan Africa,524153.0
1982,1,Sub-Saharan Africa,70000.0
1996,7,Southern Asia,
2022,2,Sub-Saharan Africa,112115.0
1972,2,Sub-Saharan Africa,2510056.0
1966,1,Polynesia,
1994,8,Eastern Asia,8488684.0
2007,10,Latin America and the Caribbean,108763.0
2020,5,Southern Asia,18000000.0
1957,7,South-eastern Asia,
1971,10,South-eastern Asia,
2000,11,Eastern Asia,2.0
2003,5,Sub-Saharan Africa,162086.0
2004,10,Eastern Asia,84792.0
2006,8,Eastern Asia,10000000.0
2015,1,Sub-Saharan Africa,174007.0
2013,8,Eastern Asia,8000000.0
2017,8,Northern America,582024.0
1951,11,South-eastern Asia,
1976,5,Southern Asia,250000.0
2018,8,Eastern Asia,
1934,11,South-eastern Asia,
1987,8,South-eastern Asia,1269825.0
1990,8,South-eastern Asia,
1990,8,South-eastern Asia,
2008,8,Latin America and the Caribbean,73006.0
2018,10,Southern Asia,300200.0
1989,5,Eastern Asia,1000048.0
1999,10,Southern Asia,1201000.0
2011,7,South-eastern Asia,1108224.0
2018,9,South-eastern Asia,3800138.0
1954,10,Northern America,
1983,9,Eastern Asia,
1983,9,Eastern Asia,
2008,9,Northern America,200000.0
1969,2,Sub-Saharan Africa,43040.0
1985,10,South-eastern Asia,1183626.0
2017,3,Sub-Saharan Africa,434253.0
1925,5,Southern Asia,
1970,11,South-eastern Asia,17292.0
1972,12,Southern Asia,30000.0
1982,8,Eastern Asia,3150.0
1983,10,South-eastern Asia,336544.0
2001,9,Eastern Asia,650200.0
2007,3,Sub-Saharan Africa,215198.0
1956,12,South-eastern Asia,
1963,10,Southern Asia,
2014,1,South-eastern Asia,1148707.0
2020,11,Latin America and the Caribbean,5000.0
1985,10,Southern Asia,5000.0
2001,10,Southern Asia,27000.0
2005,1,Sub-Saharan Africa,7985.0
1967,8,Latin America and the Caribbean,271000.0
2009,5,South-eastern Asia,401007.0
2012,2,Sub-Saharan Africa,85015.0
1983,4,Southern Asia,7500.0
2007,6,Western Asia,20000.0
1969,10,Eastern Asia,
1998,10,South-eastern Asia,1344619.0
2000,7,South-eastern Asia,1483321.0
2005,9,South-eastern Asia,337660.0
2010,9,Eastern Asia,1000000.0
2012,10,Latin America and the Caribbean,201850.0
1966,9,Latin America and the Caribbean,12942.0
1988,11,Southern Asia,1900000.0
1994,6,Eastern Asia,440684.0
2008,9,Latin America and the Caribbean,125050.0
2013,9,Eastern Asia,
1940,12,South-eastern Asia,
1993,12,South-eastern Asia,25235.0
2018,1,Sub-Saharan Africa,161318.0
1955,10,Eastern Asia,
1991,8,Eastern Asia,20750.0
2014,12,South-eastern Asia,578549.0
2019,8,Eastern Asia,108000.0
1979,10,Eastern Asia,
1982,5,Latin America and the Caribbean,52000.0
2006,9,South-eastern Asia,1467925.0
2014,7,Eastern Asia,9960099.0
1970,2,Sub-Saharan Africa,10000.0
1978,12,Sub-Saharan Africa,18000.0
1982,8,South-eastern Asia,25967.0
1982,10,South-eastern Asia,1300290.0
1999,9,Northern America,3000010.0
1967,10,Eastern Asia,167.0
1998,12,South-eastern Asia,326520.0
2005,10,Latin America and the Caribbean,72141.0
2016,7,Eastern Asia,24900.0
1954,9,Northern America,
1975,8,Eastern Asia,175.0
1984,4,Sub-Saharan Africa,100215.0
1990,11,South-eastern Asia,
1990,8,Eastern Asia,200000.0
2011,9,Eastern Asia,1300.0
1953,11,Eastern Asia,
1983,11,Southern Asia,
1978,4,South-eastern Asia,81842.0
1991,9,Eastern Asia,91128.0
1903,8,Latin America and the Caribbean,
1974,12,Australia and New Zealand,45640.0
1982,9,South-eastern Asia,50008.0
1991,10,South-eastern Asia,316038.0
1997,8,Eastern Asia,425350.0
1984,1,Sub-Saharan Africa,500000.0
1990,6,South-eastern Asia,160014.0
2008,5,South-eastern Asia,1496668.0
2017,9,Latin America and the Caribbean,71393.0
2017,9,Latin America and the Caribbean,750000.0
2022,1,Sub-Saharan Africa,945934.0
1982,8,Eastern Asia,42.0
1984,10,South-eastern Asia,2694.0
2019,12,South-eastern Asia,3297246.0
2022,3,Sub-Saharan Africa,736123.0
2002,7,South-eastern Asia,11000.0
1965,6,Eastern Asia,30000.0
1977,7,Eastern Asia,11528.0
1987,10,Eastern Asia,2200.0
1993,12,Southern Asia,72000.0
1954,8,Northern America,
1965,9,Eastern Asia,730.0
1971,9,Southern Asia,
1977,9,South-eastern Asia,5000.0
1973,12,Melanesia,5000.0
1978,10,South-eastern Asia,50000.0
2012,8,Eastern Asia,44461.0
2021,10,South-eastern Asia,1140539.0
1960,10,South-eastern Asia,
1989,10,South-eastern Asia,736605.0
2012,7,South-eastern Asia,949086.0
1917,9,Latin America and the Caribbean,
1955,9,Latin America and the Caribbean,
1971,5,South-eastern Asia,32503.0
1971,10,South-eastern Asia,2008.0
1985,10,Eastern Asia,20.0
1927,7,Southern Asia,40010.0
1956,11,South-eastern Asia,
1960,4,South-eastern Asia,
1964,6,South-eastern Asia,924288.0
1990,6,Eastern Asia,10148.0
2004,11,South-eastern Asia,500000.0
2023,7,Eastern Asia,880039.0
1981,9,South-eastern Asia,21905.0
2001,2,South-eastern Asia,100084.0
2022,1,Sub-Saharan Africa,131555.0
1988,9,Latin America and the Caribbean,870000.0
2012,10,Northern America,
2016,8,Latin America and the Caribbean,11000.0
1979,3,Melanesia,35900.0
1984,1,Sub-Saharan Africa,632500.0
1992,9,Eastern Asia,
2014,10,Southern Asia,920000.0
2018,5,Sub-Saharan Africa,228000.0
2018,9,Northern America,1500000.0
2018,8,Eastern Asia,39600.0
2023,1,Sub-Saharan Africa,90870.0
1986,8,Eastern Asia,
1993,12,South-eastern Asia,366224.0
2004,9,Northern America,
1947,9,Northern America,
1989,9,Northern America,25000.0
1996,7,Latin America and the Caribbean,500000.0
2003,5,South-eastern Asia,13909.0
2015,10,South-eastern Asia,2898590.0
2024,5,Southern Asia,2109643.0
1951,8,Latin America and the Caribbean,
1960,9,Northern America,
1967,5,Southern Asia,200.0
1968,11,South-eastern Asia,226643.0
1968,4,Australia and New Zealand,1000.0
1972,9,Eastern Asia,
1973,10,South-eastern Asia,45000.0
1979,8,Southern Asia,
1989,11,Southern Asia,
1993,1,Southern Asia,2500.0
2003,12,Southern Asia,40000.0
2019,5,Southern Asia,20000000.0
1958,7,Eastern Asia,
1978,8,South-eastern Asia,42414.0
1988,9,Latin America and the Caribbean,810000.0
1994,12,South-eastern Asia,867923.0
2002,11,Southern Asia,
2016,10,Northern America,
2018,10,Northern America,5000.0
1987,2,Melanesia,48000.0
1988,9,Latin America and the Caribbean,25000.0
1993,9,Eastern Asia,30463.0
2000,11,South-eastern Asia,164093.0
2020,4,Melanesia,150000.0
1978,8,South-eastern Asia,150943.0
1991,7,South-eastern Asia,505777.0
1993,8,Eastern Asia,
1994,7,Eastern Asia,4230000.0
2000,9,Eastern Asia,46000.0
2002,7,Micronesia,1448.0
2004,9,Northern America,5000000.0
2005,11,Latin America and the Caribbean,90000.0
2011,12,Southern Asia,250000.0
2013,10,Southern Asia,13230000.0
1954,8,Eastern Asia,
1956,8,Eastern Asia,
1961,9,Northern America,
1989,12,Sub-Saharan Africa,55346.0
1997,8,South-eastern Asia,50394.0
2000,8,Eastern Asia,627180.0
2008,9,South-eastern Asia,58511.0
2011,8,Northern America,370000.0
2015,12,South-eastern Asia,287251.0
2023,9,Latin America and the Caribbean,341924.0
2024,7,Northern America,207.0
1958,8,Eastern Asia,
1960,6,Eastern Asia,15127.0
1970,8,Latin America and the Caribbean,5000.0
1995,8,Eastern Asia,3710.0
1996,7,Eastern Asia,
2003,4,Southern Asia,4600.0
2010,10,South-eastern Asia,260049.0
2015,7,Southern Asia,2600000.0
2016,2,Melanesia,540558.0
2018,11,Southern Asia,500000.0
2019,4,Sub-Saharan Africa,400094.0
2024,7,South-eastern Asia,6067283.0
2024,9,South-eastern Asia,100.0
1964,9,Eastern Asia,300.0
1966,6,Eastern Asia,80.0
1983,9,Eastern Asia,78.0
1992,8,Northern America,250055.0
1996,7,Eastern Asia,10300.0
1997,8,Eastern Asia,78.0
2020,10,South-eastern Asia,759360.0
1961,11,Southern Europe,
1986,7,Eastern Asia,381.0
1989,5,Southern Asia,3700000.0
1998,12,South-eastern Asia,84645.0
2008,9,Northern America,2100000.0
2011,8,South-eastern Asia,403230.0
1964,9,Eastern Asia,
1970,9,South-eastern Asia,
1983,12,Sub-Saharan Africa,13560.0
1992,7,South-eastern Asia,134494.0
1996,7,Latin America and the Caribbean,10724.0
2006,12,South-eastern Asia,327542.0
2013,2,Sub-Saharan Africa,40281.0
1960,8,Eastern Asia,
1962,7,South-eastern Asia,
1967,10,Southern Asia,
1988,11,South-eastern Asia,28913.0
2001,6,Northern America,172000.0
2004,9,Eastern Asia,40900.0
2006,5,South-eastern Asia,42000.0
2007,5,Southern Asia,225.0
2020,10,South-eastern Asia,450000.0
2021,4,South-eastern Asia,143670.0
1976,9,Southern Asia,
1977,11,South-eastern Asia,148935.0
1979,8,Latin America and the Caribbean,72100.0
1980,7,South-eastern Asia,190000.0
1981,8,Eastern Asia,20100.0
1986,9,Southern Asia,2700000.0
1987,6,Eastern Asia,
1990,9,Eastern Asia,60000.0
1994,3,Southern Asia,150.0
2005,7,Latin America and the Caribbean,15036.0
2012,11,Southern Asia,70000.0
2015,8,South-eastern Asia,318383.0
2019,11,Southern Asia,251506.0
1975,1,South-eastern Asia,5224.0
1994,7,South-eastern Asia,
1996,9,Northern America,4000.0
2004,9,Latin America and the Caribbean,60000.0
2007,8,Eastern Asia,8000000.0
2009,10,South-eastern Asia,802175.0
2013,10,Eastern Asia,19289.0
2019,5,Southern Asia,10045.0
2020,8,Latin America and the Caribbean,44175.0
2023,7,South-eastern Asia,5385237.0
1949,7,Eastern Asia,
1964,10,Northern America,
1987,11,Southern Asia,50000.0
1990,8,Latin America and the Caribbean,
1991,8,South-eastern Asia,1894238.0
1995,10,Latin America and the Caribbean,15085.0
1996,9,Eastern Asia,
2003,9,Eastern Asia,69925.0
2008,8,South-eastern Asia,429463.0
2022,1,Sub-Saharan Africa,185636.0
2024,9,South-eastern Asia,95013.0
1965,7,South-eastern Asia,
1971,10,South-eastern Asia,12000.0
1993,8,Latin America and the Caribbean,123000.0
2006,7,South-eastern Asia,51680.0
2008,9,South-eastern Asia,46132.0
2011,5,South-eastern Asia,430092.0
1966,5,Eastern Asia,5021.0
1980,7,South-eastern Asia,69237.0
1988,5,South-eastern Asia,56000.0
1990,10,South-eastern Asia,
1991,2,Sub-Saharan Africa,250000.0
2005,10,Latin America and the Caribbean,1954571.0
2012,10,South-eastern Asia,108040.0
1935,9,Latin America and the Caribbean,500.0
1970,9,Southern Europe,200.0
1971,9,Latin America and the Caribbean,4650.0
2004,8,South-eastern Asia,1058849.0
2010,10,South-eastern Asia,2009026.0
2011,2,Sub-Saharan Africa,115215.0
2012,2,Sub-Saharan Africa,250284.0
2016,9,Eastern Asia,36000.0
2022,10,Southern Asia,1000000.0
1997,2,Sub-Saharan Africa,
2006,4,South-eastern Asia,60106.0
2006,10,South-eastern Asia,283021.0
2012,8,Eastern Asia,232170.0
2016,10,South-eastern Asia,610000.0
2018,7,South-eastern Asia,96000.0
1974,7,Eastern Asia,50.0
1983,1,Sub-Saharan Africa,30052.0
1986,8,Eastern Asia,6696.0
1991,8,Eastern Asia,4.0
1991,7,Eastern Asia,7141.0
2001,7,Eastern Asia,14998298.0
2002,7,South-eastern Asia,700041.0
2007,12,Latin America and the Caribbean,61605.0
2015,10,Latin America and the Caribbean,6710.0
2020,8,Northern America,6500.0
2024,9,South-eastern Asia,3000022.0
1944,8,Latin America and the Caribbean,2000.0
1978,9,South-eastern Asia,23901.0
1994,7,Northern America,20022.0
1994,10,South-eastern Asia,258751.0
1997,3,Melanesia,7500.0
2004,1,Sub-Saharan Africa,44290.0
2004,8,Eastern Asia,2.0
2005,9,Eastern Asia,270140.0
2010,5,Southern Asia,
2010,10,Eastern Asia,
2020,5,Latin America and the Caribbean,149840.0
2024,10,Northern America,1013.0
1958,7,Eastern Asia,
1965,6,Eastern Asia,89.0
1979,9,Northern America,
1980,7,South-eastern Asia,600000.0
1988,10,Southern Asia,
1989,10,Eastern Asia,700.0
2002,4,Southern Asia,100400.0
2004,5,South-eastern Asia,714.0
2010,8,South-eastern Asia,1045.0
2013,9,South-eastern Asia,1835585.0
2020,10,South-eastern Asia,3356394.0
2020,10,South-eastern Asia,888415.0
2020,11,Latin America and the Caribbean,
2022,5,Latin America and the Caribbean,
1976,8,Eastern Asia,2489.0
1976,11,Southern Asia,50000.0
1983,3,Eastern Asia,10200.0
1985,9,Eastern Asia,200.0
1988,10,Latin America and the Caribbean,8732.0
1989,10,South-eastern Asia,458679.0
1993,7,Latin America and the Caribbean,34000.0
1994,11,Sub-Saharan Africa,
1994,9,South-eastern Asia,11000.0
1997,5,South-eastern Asia,309111.0
1999,10,Eastern Asia,123000.0
2001,7,South-eastern Asia,117453.0
2001,10,Latin America and the Caribbean,20000.0
2015,8,Latin America and the Caribbean,28594.0
1953,6,Eastern Asia,
1959,12,South-eastern Asia,
1968,1,Sub-Saharan Africa,75000.0
1975,10,Latin America and the Caribbean,
1982,8,South-eastern Asia,36927.0
1984,9,Sub-Saharan Africa,5500.0
1995,10,Latin America and the Caribbean,20000.0
2004,11,South-eastern Asia,2014.0
2007,11,South-eastern Asia,443115.0
2009,4,South-eastern Asia,383465.0
1980,10,Southern Asia,
1985,1,Melanesia,100000.0
1988,10,Latin America and the Caribbean,127500.0
1993,8,Eastern Asia,2000213.0
1994,8,Eastern Asia,88.0
1995,7,Eastern Asia,1450.0
2003,12,Southern Asia,
2004,6,South-eastern Asia,385012.0
2004,6,Eastern Asia,1171.0
2016,5,Southern Asia,1203555.0
1946,10,Southern Europe,
1954,9,Eastern Asia,
1959,10,Eastern Asia,
1967,10,Eastern Asia,79.0
1995,8,South-eastern Asia,
2014,7,South-eastern Asia,36000.0
2017,11,Southern Asia,160077.0
1964,10,Eastern Asia,85.0
1965,8,Eastern Asia,40.0
1973,10,South-eastern Asia,
1974,10,South-eastern Asia,7182.0
1975,9,Latin America and the Caribbean,
1982,9,Eastern Asia,102.0
1988,10,Latin America and the Caribbean,100000.0
1990,9,Eastern Asia,
1995,8,South-eastern Asia,1000000.0
1996,7,South-eastern Asia,36828.0
1996,11,Latin America and the Caribbean,
1999,9,Eastern Asia,27338.0
2008,7,Eastern Asia,8.0
2009,8,South-eastern Asia,94229.0
2017,9,South-eastern Asia,9110.0
2020,5,Southern Asia,2600000.0
2020,8,Eastern Asia,1007.0
1966,9,Latin America and the Caribbean,10000.0
1980,1,Sub-Saharan Africa,7000.0
1982,3,South-eastern Asia,25099.0
1986,11,Southern Asia,100.0
1987,11,Southern Asia,30000.0
1992,4,Southern Asia,100.0
1997,3,Melanesia,3500.0
1997,8,Southern Asia,
1997,11,South-eastern Asia,
2000,8,Eastern Asia,300.0
2002,9,Eastern Asia,180000.0
2004,9,Eastern Asia,10089.0
2005,9,Eastern Asia,1350008.0
2005,9,Eastern Asia,5719000.0
2008,4,Eastern Asia,274000.0
2011,10,South-eastern Asia,1113775.0
2015,10,Northern America,800.0
2018,10,Western Asia,15124.0
2022,9,Latin America and the Caribbean,
1963,9,Latin America and the Caribbean,
1965,8,Eastern Asia,77.0
1978,10,South-eastern Asia,6184.0
1979,8,South-eastern Asia,41138.0
1982,6,Latin America and the Caribbean,180000.0
1987,1,Sub-Saharan Africa,50000.0
1996,9,Latin America and the Caribbean,25000.0
1996,10,Southern Asia,100.0
2005,3,Southern Asia,10500.0
2012,12,South-eastern Asia,241606.0
2016,12,Southern Asia,
2016,12,South-eastern Asia,1893404.0
2018,5,Western Asia,750.0
2022,7,Eastern Asia,
2024,9,Latin America and the Caribbean,3150.0
1952,1,Melanesia,800.0
1971,5,South-eastern Asia,50000.0
1974,10,South-eastern Asia,55625.0
1986,9,South-eastern Asia,482704.0
2000,4,Sub-Saharan Africa,369272.0
2000,9,Latin America and the Caribbean,30000.0
2003,5,Southern Asia,400.0
2006,5,Eastern Asia,3150000.0
2010,6,Southern Asia,4000.0
2011,6,Eastern Asia,
2013,9,Latin America and the Caribbean,50000.0
2020,11,Latin America and the Caribbean,228000.0
1945,9,Latin America and the Caribbean,
1968,7,Eastern Asia,
1983,9,Eastern Asia,1945.0
1986,10,South-eastern Asia,82555.0
1987,12,South-eastern Asia,56380.0
1989,9,South-eastern Asia,140021.0
1991,8,Eastern Asia,182.0
1992,7,South-eastern Asia,5135.0
1992,7,South-eastern Asia,268877.0
1994,1,Australia and New Zealand,
2006,4,Southern Asia,1500.0
2008,9,Eastern Asia,20.0
2010,6,Latin America and the Caribbean,170000.0
2010,10,Southern Asia,
2011,6,Latin America and the Caribbean,300000.0
2014,9,South-eastern Asia,2052157.0
2016,9,Eastern Asia,
2024,3,Sub-Saharan Africa,89469.0
2024,12,Sub-Saharan Africa,231373.0
1974,7,South-eastern Asia,2556.0
1975,9,Northern America,
1983,8,Northern America,
1984,4,South-eastern Asia,1094.0
1991,7,South-eastern Asia,776.0
1993,1,Melanesia,160003.0
2001,10,Latin America and the Caribbean,86321.0
2003,7,South-eastern Asia,14280.0
2010,11,Latin America and the Caribbean,5020.0
2018,3,Sub-Saharan Africa,50872.0
1970,8,Latin America and the Caribbean,
1974,8,Southern Asia,100.0
1988,11,South-eastern Asia,720000.0
1996,7,Eastern Asia,
2000,4,Southern Asia,62800.0
2001,11,South-eastern Asia,73183.0
2002,5,Sub-Saharan Africa,526200.0
2003,7,Eastern Asia,7400020.0
2003,8,Eastern Asia,2180.0
2005,11,South-eastern Asia,15000.0
2007,9,Eastern Asia,602.0
2007,11,South-eastern Asia,35333.0
2009,11,Southern Asia,
2010,9,Eastern Asia,40000.0
2011,6,South-eastern Asia,1700089.0
2012,1,Sub-Saharan Africa,40042.0
2012,8,Eastern Asia,
2013,9,Eastern Asia,506000.0
2013,10,South-eastern Asia,871755.0
2013,10,South-eastern Asia,109754.0
2015,10,Eastern Asia,78300.0
2017,8,Latin America and the Caribbean,1000.0
2021,9,Southern Asia,
2023,12,Southern Asia,4390000.0
2024,12,Southern Asia,
1952,6,South-eastern Asia,103.0
1985,6,Eastern Asia,30000.0
1990,8,South-eastern Asia,500108.0
1993,3,Eastern Asia,130.0
1995,9,Latin America and the Caribbean,3000.0
1995,10,Northern America,78000.0
1997,11,Polynesia,900.0
1998,5,Southern Asia,108944.0
2005,11,Northern Africa,
2008,11,South-eastern Asia,474.0
2018,11,South-eastern Asia,10028.0
2019,11,South-eastern Asia,673.0
2021,5,Southern Asia,1625000.0
2022,10,South-eastern Asia,436978.0
1966,11,Southern Asia,150000.0
1966,12,South-eastern Asia,286000.0
1976,11,Southern Asia,
1979,4,South-eastern Asia,524549.0
1980,3,Melanesia,35250.0
1991,8,Northern America,1200.0
1991,9,Eastern Asia,
1995,6,Latin America and the Caribbean,22.0
1996,9,Latin America and the Caribbean,57315.0
1997,8,South-eastern Asia,53659.0
1999,9,Eastern Asia,1300.0
2005,3,South-eastern Asia,11.0
2007,10,Eastern Asia,1067.0
2008,9,South-eastern Asia,31680.0
2010,5,Latin America and the Caribbean,24675.0
2011,8,South-eastern Asia,1000000.0
2013,8,South-eastern Asia,395730.0
2014,12,South-eastern Asia,4150400.0
2015,8,Eastern Asia,1580000.0
2015,11,Western Asia,15000.0
2020,11,Latin America and the Caribbean,900000.0
1971,6,Latin America and the Caribbean,
1986,8,Eastern Asia,2064.0
1991,8,South-eastern Asia,455921.0
1992,10,South-eastern Asia,32172.0
1994,7,South-eastern Asia,166585.0
1994,5,Southern Asia,65000.0
1994,5,South-eastern Asia,64970.0
1995,8,Latin America and the Caribbean,3000.0
2000,2,Sub-Saharan Africa,
2003,1,Melanesia,30000.0
2003,2,Sub-Saharan Africa,22500.0
2006,7,South-eastern Asia,2000.0
2008,7,Latin America and the Caribbean,
2008,11,South-eastern Asia,8828.0
2009,9,South-eastern Asia,178091.0
2012,8,South-eastern Asia,60479.0
2013,5,Southern Asia,1498644.0
2014,3,Sub-Saharan Africa,1736.0
2018,9,Eastern Asia,3900.0
2021,9,South-eastern Asia,313397.0
2023,2,Sub-Saharan Africa,299000.0
2024,8,Northern America,
1955,9,Latin America and the Caribbean,
1976,1,Sub-Saharan Africa,508876.0
1977,7,Eastern Asia,5000.0
1977,9,Eastern Asia,8045.0
1986,12,South-eastern Asia,26722.0
1990,6,Eastern Asia,5590288.0
1994,8,Eastern Asia,498.0
1995,11,South-eastern Asia,23051.0
2001,11,Latin America and the Caribbean,24866.0
2003,9,Northern America,225000.0
2004,4,Melanesia,5000.0
2005,7,Latin America and the Caribbean,2500000.0
2005,9,South-eastern Asia,20000.0
2009,7,South-eastern Asia,110405.0
2009,9,South-eastern Asia,128887.0
2010,6,Western Asia,
2013,11,South-eastern Asia,13094.0
2018,7,South-eastern Asia,2231101.0
2020,7,Northern America,
2024,5,Southern Asia,4590013.0
1967,9,Latin America and the Caribbean,1000.0
1967,9,Northern America,
1979,3,Australia and New Zealand,
1980,9,Eastern Asia,17.0
1981,8,Southern Asia,101700.0
1981,3,Southern Asia,25000.0
1989,8,Eastern Asia,
1989,5,Southern Asia,2000.0
1990,10,South-eastern Asia,2000.0
1993,5,Melanesia,40040.0
1994,4,South-eastern Asia,105746.0
2000,8,South-eastern Asia,4.0
2000,10,Southern Asia,200.0
2004,9,Latin America and the Caribbean,350000.0
2008,10,Southern Asia,200.0
2009,4,Sub-Saharan Africa,64918.0
2009,9,South-eastern Asia,388373.0
2010,9,Latin America and the Caribbean,2506.0
2011,9,Northern America,600.0
2012,8,Eastern Asia,3790000.0
2017,10,Latin America and the Caribbean,39200.0
2019,10,Eastern Asia,1411.0
2022,2,Sub-Saharan Africa,169000.0
2024,11,South-eastern Asia,3967014.0
1935,9,Latin America and the Caribbean,
1964,8,Latin America and the Caribbean,10100.0
1966,10,Latin America and the Caribbean,90069.0
1991,8,Eastern Asia,33424.0
1992,6,South-eastern Asia,47186.0
1993,5,Southern Asia,7500.0
1993,1,Sub-Saharan Africa,
1998,8,Eastern Asia,40040.0
2000,8,Eastern Asia,2100.0
2000,9,Latin America and the Caribbean,62570.0
2004,6,South-eastern Asia,905.0
2004,8,Eastern Asia,180050.0
2008,6,Eastern Asia,340000.0
2009,8,South-eastern Asia,221422.0
2010,8,South-eastern Asia,20700.0
2010,10,Latin America and the Caribbean,181000.0
2011,11,Western Asia,200.0
2013,8,Latin America and the Caribbean,5000.0
2014,7,Eastern Asia,
2014,8,Eastern Asia,
2015,10,Latin America and the Caribbean,15000.0
2017,9,South-eastern Asia,692012.0
2018,7,Eastern Asia,16200.0
2018,10,Latin America and the Caribbean,
2020,11,Latin America and the Caribbean,578000.0
2020,11,Southern Asia,
2022,2,Sub-Saharan Africa,9900.0
2022,2,Sub-Saharan Africa,23733.0
2024,11,Southern Asia,441392.0
1933,6,Latin America and the Caribbean,
1970,1,Australia and New Zealand,
1974,6,Latin America and the Caribbean,
1974,10,South-eastern Asia,7785.0
1977,4,Southern Asia,100.0
1984,9,Eastern Asia,
1986,9,Eastern Asia,
1986,9,Southern Asia,3300000.0
1989,5,South-eastern Asia,12937.0
1989,9,Eastern Asia,
1991,12,Polynesia,88000.0
2002,9,Latin America and the Caribbean,500030.0
2003,6,South-eastern Asia,127130.0
2008,5,Latin America and the Caribbean,25000.0
2009,9,Eastern Asia,1000058.0
2011,9,Eastern Asia,308.0
2012,8,Latin America and the Caribbean,8007.0
2017,9,Latin America and the Caribbean,11500.0
2018,8,South-eastern Asia,50000.0
2021,8,Latin America and the Caribbean,
2021,10,Western Asia,
2024,12,Sub-Saharan Africa,45191.0
1967,11,Melanesia,
1979,7,Eastern Asia,12090.0
1982,8,Eastern Asia,5000.0
1985,10,Northern America,
1987,6,Southern Asia,
1994,3,Sub-Saharan Africa,8.0
1996,7,Latin America and the Caribbean,
1997,9,Latin America and the Caribbean,1000.0
1998,9,Eastern Asia,258.0
1998,10,Eastern Asia,43.0
1999,1,Melanesia,1772.0
1999,9,Eastern Europe,
2000,5,South-eastern Asia,235889.0
2001,5,Southern Asia,200.0
2005,7,Eastern Asia,1534.0
2005,10,Latin America and the Caribbean,
2005,10,Latin America and the Caribbean,2192.0
2007,6,Southern Asia,185009.0
2008,1,Sub-Saharan Africa,8613.0
2008,8,Northern America,400.0
2008,8,Latin America and the Caribbean,4000.0
2008,9,Eastern Asia,
2008,3,Southern Asia,200.0
2009,1,Sub-Saharan Africa,62505.0
2009,5,Southern Asia,
2009,8,Eastern Asia,2000.0
2010,9,Eastern Asia,41500.0
2010,9,Latin America and the Caribbean,230000.0
2012,8,Latin America and the Caribbean,
2012,12,Polynesia,12703.0
2014,3,Melanesia,20006.0
2014,11,South-eastern Asia,4695.0
2017,3,Australia and New Zealand,45000.0
2017,9,Latin America and the Caribbean,110.0
2017,8,Eastern Asia,300.0
2018,10,South-eastern Asia,253300.0
2019,11,Southern Asia,130000.0
2020,11,Northern America,
2022,4,Sub-Saharan Africa,4800.0
2022,9,Eastern Asia,36003.0
2024,9,South-eastern Asia,203011.0
1948,10,Latin America and the Caribbean,300.0
1963,10,Latin America and the Caribbean,
1969,7,South-eastern Asia,
1970,8,Northern America,
1974,11,South-eastern Asia,5000.0
1974,1,Australia and New Zealand,
1980,4,Southern Asia,1050.0
1982,5,South-eastern Asia,36000.0
1985,9,Northern America,
1986,5,Southern Asia,100.0
1986,8,Northern Europe,
1988,10,Latin America and the Caribbean,
1989,9,Latin America and the Caribbean,
1989,9,Latin America and the Caribbean,12040.0
1989,11,South-eastern Asia,13050.0
1989,6,Northern America,
1991,8,Eastern Asia,
1992,9,Eastern Asia,86.0
1992,8,South-eastern Asia,173569.0
1994,7,South-eastern Asia,420728.0
1994,8,South-eastern Asia,14000.0
1995,7,Northern America,6000.0
1996,2,Sub-Saharan Africa,200000.0
1997,6,Eastern Europe,
1998,10,Eastern Asia,
2000,7,South-eastern Asia,120000.0
2000,8,Eastern Asia,4522.0
2003,3,Sub-Saharan Africa,23010.0
2004,8,Eastern Asia,8502.0
2004,9,Latin America and the Caribbean,14009.0
2004,10,Eastern Asia,5948.0
2008,11,South-eastern Asia,
2010,7,South-eastern Asia,1500.0
2011,8,South-eastern Asia,8423.0
2011,10,South-eastern Asia,75638.0
2012,8,South-eastern Asia,5607.0
2012,10,South-eastern Asia,278490.0
2012,10,Latin America and the Caribbean,162605.0
2014,9,South-eastern Asia,11325.0
2015,3,Melanesia,188000.0
2015,9,South-eastern Asia,
2016,9,Latin America and the Caribbean,10500.0
2016,8,South-eastern Asia,11090.0
2017,11,South-eastern Asia,2035.0
2021,1,Sub-Saharan Africa,481901.0
2021,6,South-eastern Asia,21000.0
2023,2,Australia and New Zealand,10500.0
2024,7,Eastern Asia,3300.0
1933,10,Latin America and the Caribbean,
1963,9,Latin America and the Caribbean,
1963,9,Latin America and the Caribbean,
1966,1,Polynesia,95000.0
1977,2,Sub-Saharan Africa,30000.0
1977,9,Latin America and the Caribbean,50000.0
1982,7,South-eastern Asia,12319.0
1987,2,Sub-Saharan Africa,4000.0
1989,1,Sub-Saharan Africa,6261.0
1989,3,Australia and New Zealand,
1993,6,Eastern Asia,3000000.0
1993,9,Eastern Asia,24428.0
1994,7,Eastern Asia,40.0
1994,8,South-eastern Asia,
1994,8,Eastern Asia,
1997,9,South-eastern Asia,50.0
2004,8,Northern America,30000.0
2005,7,Eastern Asia,1240000.0
2005,9,South-eastern Asia,2000.0
2005,9,Northern America,300000.0
2006,9,Eastern Asia,12448.0
2007,2,Sub-Saharan Africa,162770.0
2008,7,South-eastern Asia,22081.0
2008,8,Latin America and the Caribbean,220.0
2010,5,Latin America and the Caribbean,11520.0
2010,7,South-eastern Asia,12400.0
2011,8,Eastern Asia,6499.0
2011,9,Latin America and the Caribbean,
2012,1,Sub-Saharan Africa,65000.0
2012,7,South-eastern Asia,3.0
2013,11,Southern Asia,
2014,8,Eastern Asia,21750.0
2017,4,South-eastern Asia,860.0
2017,8,Eastern Asia,200.0
2017,9,Latin America and the Caribbean,10000000.0
2017,10,Latin America and the Caribbean,584.0
2019,8,Northern America,
2022,10,Latin America and the Caribbean,9273.0
2024,1,Sub-Saharan Africa,25837.0
2024,6,Latin America and the Caribbean,14400.0
2024,10,Latin America and the Caribbean,320000.0
1975,2,Sub-Saharan Africa,826258.0
1976,5,Micronesia,
1980,7,Latin America and the Caribbean,80000.0
1983,3,Melanesia,200014.0
1985,1,Melanesia,117500.0
1991,7,South-eastern Asia,90296.0
1994,7,South-eastern Asia,10000.0
1996,1,Sub-Saharan Africa,100000.0
1996,7,South-eastern Asia,343386.0
1996,9,South-eastern Asia,280000.0
1998,10,Latin America and the Caribbean,
1998,10,Latin America and the Caribbean,60000.0
1999,9,Latin America and the Caribbean,4000.0
2000,9,Eastern Asia,180041.0
2000,9,Eastern Europe,
2001,6,Eastern Asia,116.0
2001,8,Eastern Asia,7040.0
2002,4,Southern Asia,5050.0
2004,9,Eastern Asia,6000.0
2004,9,Latin America and the Caribbean,1000.0
2005,2,Polynesia,
2005,7,Eastern Asia,1013000.0
2005,10,Latin America and the Caribbean,1000.0
2006,4,Southern Asia,1465.0
2007,8,Latin America and the Caribbean,3966.0
2007,8,Latin America and the Caribbean,140000.0
2007,9,Eastern Asia,
2008,3,Sub-Saharan Africa,220013.0
2008,4,Southern Asia,50000.0
2009,8,Eastern Asia,
2011,6,South-eastern Asia,1152.0
2012,6,Northern America,17001.0
2013,1,Sub-Saharan Africa,4598.0
2013,7,Eastern Asia,390150.0
2014,9,Eastern Asia,394000.0
2014,10,Eastern Asia,1198.0
2015,7,Melanesia,400.0
2015,8,Sub-Saharan Africa,
2016,10,Eastern Asia,1500.0
2016,11,Latin America and the Caribbean,50000.0
2017,7,South-eastern Asia,21000.0
2017,9,Latin America and the Caribbean,
2017,10,South-eastern Asia,163349.0
2018,5,Latin America and the Caribbean,40000.0
2020,11,Sub-Saharan Africa,120000.0
2020,12,South-eastern Asia,36032.0
2021,4,South-eastern Asia,15000.0
2024,8,Eastern Asia,6727.0
2024,9,Eastern Asia,612.0
2024,10,Latin America and the Caribbean,
2024,10,Southern Asia,3810012.0
1957,9,Eastern Asia,111.0
1979,8,Latin America and the Caribbean,1110.0
1979,9,South-eastern Asia,3722.0
1983,11,South-eastern Asia,18854.0
1986,8,Eastern Asia,2525.0
1987,10,Eastern Asia,65010.0
1990,2,Polynesia,195000.0
1990,10,Latin America and the Caribbean,1500.0
1992,8,Eastern Asia,
1995,9,Northern America,
1998,10,Latin America and the Caribbean,16700.0
2000,9,Eastern Asia,411.0
2001,10,Latin America and the Caribbean,6446.0
2003,3,Sub-Saharan Africa,
2003,12,Latin America and the Caribbean,10000.0
2003,7,South-eastern Asia,116602.0
2004,8,Eastern Asia,2400.0
2004,11,South-eastern Asia,70488.0
2005,9,South-eastern Asia,8500.0
2006,6,South-eastern Asia,476027.0
2007,9,South-eastern Asia,2000.0
2007,11,South-eastern Asia,33884.0
2008,8,Latin America and the Caribbean,6257.0
2009,8,Eastern Asia,11000004.0
2010,4,Southern Asia,247110.0
2010,9,Latin America and the Caribbean,
2010,9,Northern America,
2012,7,Eastern Asia,58500.0
2012,8,Eastern Asia,
2013,5,Southern Asia,4.0
2013,10,Eastern Asia,475000.0
2015,9,Eastern Asia,60046.0
2015,11,Western Asia,110065.0
2016,10,South-eastern Asia,981154.0
2017,8,Eastern Asia,22273.0
2017,10,Latin America and the Caribbean,3175.0
2017,10,Eastern Asia,18810.0
2018,12,Southern Asia,10000.0
2019,4,Sub-Saharan Africa,345311.0
2020,9,Northern America,
2023,3,Latin America and the Caribbean,45000.0
2024,7,Latin America and the Caribbean,7008.0
2024,7,Latin America and the Caribbean,29000.0
2024,10,Eastern Asia,
1961,9,Eastern Asia,1171.0
1964,8,Latin America and the Caribbean,
1968,12,Southern Asia,15000.0
1975,1,Sub-Saharan Africa,10050.0
1978,9,Eastern Asia,426.0
1980,9,Eastern Asia,17033.0
1980,8,Latin America and the Caribbean,
1980,5,Northern America,470.0
1981,8,Eastern Asia,62500.0
1985,11,Latin America and the Caribbean,300.0
1989,5,Eastern Asia,1287.0
1993,6,Latin America and the Caribbean,10000.0
1993,9,Eastern Asia,3000000.0
1994,9,South-eastern Asia,54674.0
1995,9,Latin America and the Caribbean,10000.0
1995,2,Australia and New Zealand,7045.0
1996,6,Latin America and the Caribbean,10080.0
1997,8,Eastern Asia,5650349.0
1998,8,Northern America,545.0
1999,10,South-eastern Asia,41933.0
2001,9,Eastern Asia,1215.0
2002,5,Western Asia,83.0
2002,7,Eastern Asia,
2002,6,South-eastern Asia,3000.0
2004,8,Northern America,
2004,10,Eastern Asia,1700.0
2005,10,Latin America and the Caribbean,1000000.0
2006,9,Latin America and the Caribbean,10000.0
2007,8,South-eastern Asia,921462.0
2007,8,Northern America,
2008,1,Melanesia,
2008,5,Latin America and the Caribbean,10000.0
2008,8,Northern America,
2008,9,Latin America and the Caribbean,
2009,4,Southern Asia,19209.0
2012,6,Latin America and the Caribbean,87000.0
2013,5,Southern Asia,7339.0
2013,7,Eastern Asia,21000.0
2013,6,South-eastern Asia,3596.0
2013,8,South-eastern Asia,5011.0
2014,7,Eastern Asia,666.0
2014,10,Eastern Asia,8766.0
2015,6,South-eastern Asia,115.0
2016,9,Eastern Asia,160.0
2016,11,Latin America and the Caribbean,12000.0
2017,2,Sub-Saharan Africa,750102.0
2017,5,Southern Asia,3300012.0
2017,10,Latin America and the Caribbean,12000.0
2018,4,Melanesia,89950.0
2018,8,Eastern Asia,6140.0
2019,1,South-eastern Asia,720885.0
2021,8,Northern America,105.0
2021,10,Southern Asia,179000.0
2022,3,Sub-Saharan Africa,
2023,6,Southern Asia,10000.0
2023,10,Western Asia,90150.0
1923,5,Southern Asia,25000.0
1923,5,South-eastern Asia,
1941,2,Melanesia,
1962,11,Micronesia,
1963,9,Latin America and the Caribbean,
1972,10,Polynesia,700.0
1973,10,Latin America and the Caribbean,2510.0
1978,9,Eastern Asia,3100.0
1979,8,South-eastern Asia,10001.0
1979,11,South-eastern Asia,6111.0
1980,7,Latin America and the Caribbean,30009.0
1982,3,Polynesia,146512.0
1983,2,Polynesia,
1983,3,Southern Asia,150.0
1984,10,Southern Europe,60030.0
1988,7,South-eastern Asia,117355.0
1988,9,Eastern Asia,51000.0
1988,3,Australia and New Zealand,
1991,9,Eastern Asia,
1992,9,Northern America,25000.0
1993,8,Eastern Asia,2500.0
1994,9,Eastern Asia,50.0
1994,11,Northern America,
1995,8,South-eastern Asia,195886.0
1996,8,Latin America and the Caribbean,1250.0
1996,12,Southern Asia,335000.0
1996,8,Eastern Asia,5738.0
1998,9,Latin America and the Caribbean,147000.0
1999,10,Northern America,
2000,9,Eastern Asia,2400000.0
2001,12,South-eastern Asia,54840.0
2002,10,Eastern Europe,
2004,6,Eastern Asia,756.0
2004,6,Eastern Asia,522.0
2004,7,Eastern Europe,62.0
2004,9,Northern America,40000.0
2005,7,Latin America and the Caribbean,750.0
2005,9,Latin America and the Caribbean,2869.0
2006,8,South-eastern Asia,15000.0
2006,8,Northern America,140.0
2006,11,South-eastern Asia,21260.0
2007,9,Latin America and the Caribbean,
2009,11,Northern America,
2010,6,Latin America and the Caribbean,500.0
2010,8,Latin America and the Caribbean,154000.0
2012,8,Eastern Asia,
2013,1,Australia and New Zealand,7500.0
2013,2,South-eastern Asia,262884.0
2013,9,Eastern Asia,30288.0
2014,1,South-eastern Asia,47740.0
2014,9,Latin America and the Caribbean,75135.0
2014,10,Latin America and the Caribbean,30000.0
2015,2,Sub-Saharan Africa,36880.0
2015,4,Eastern Asia,12000.0
2015,8,Eastern Asia,380.0
2016,10,Latin America and the Caribbean,48.0
2017,6,Latin America and the Caribbean,600.0
2017,11,South-eastern Asia,305.0
2018,5,Western Asia,
2018,10,Latin America and the Caribbean,10000.0
2019,12,Sub-Saharan Africa,30000.0
2020,6,Southern Asia,7500.0
2020,10,South-eastern Asia,274923.0
2020,10,Latin America and the Caribbean,3500.0
2020,10,Eastern Asia,
2020,9,South-eastern Asia,125000.0
2020,10,Northern America,
2021,1,Melanesia,82751.0
2024,5,South-eastern Asia,52008.0
2024,6,Latin America and the Caribbean,20000.0
2024,10,South-eastern Asia,143429.0
2025,1,Sub-Saharan Africa,283338.0
1960,9,Latin America and the Caribbean,1250.0
1964,9,Northern America,
1965,9,Eastern Asia,203.0
1966,9,Latin America and the Caribbean,174030.0
1966,10,Latin America and the Caribbean,3.0
1976,6,Eastern Asia,2.0
1978,4,Australia and New Zealand,100.0
1978,9,Latin America and the Caribbean,6000.0
1979,12,Sub-Saharan Africa,105257.0
1980,6,Northern America,100.0
1981,8,South-eastern Asia,9721.0
1982,8,Eastern Asia,5000.0
1985,9,South-eastern Asia,148.0
1987,1,Polynesia,2000.0
1987,8,South-eastern Asia,13336.0
1987,11,Micronesia,203.0
1989,9,Latin America and the Caribbean,11084.0
1990,6,Eastern Asia,20000.0
1996,10,Northern Europe,12000.0
1997,6,Eastern Europe,21390.0
1998,10,Eastern Asia,
1998,9,Latin America and the Caribbean,10000.0
1999,2,Australia and New Zealand,2000.0
1999,8,Eastern Asia,12.0
2000,9,South-eastern Asia,6029.0
2000,12,Southern Asia,375000.0
2001,7,Eastern Asia,2017.0
2001,11,Latin America and the Caribbean,5900012.0
2002,7,Eastern Asia,100018.0
2003,2,Southern Asia,140.0
2004,9,Latin America and the Caribbean,1730.0
2005,7,Northern America,
2005,8,Eastern Asia,
2005,9,Eastern Asia,1100.0
2006,8,Latin America and the Caribbean,15000.0
2007,7,Eastern Asia,40012.0
2007,9,Latin America and the Caribbean,33000.0
2009,7,South-eastern Asia,248058.0
2010,6,Latin America and the Caribbean,
2011,7,Latin America and the Caribbean,
2011,10,Latin America and the Caribbean,50000.0
2012,8,Latin America and the Caribbean,20515.0
2013,9,South-eastern Asia,72696.0
2013,11,Eastern Asia,51800.0
2014,5,Latin America and the Caribbean,100000.0
2015,3,Micronesia,35000.0
2015,7,South-eastern Asia,14100.0
2015,8,Latin America and the Caribbean,1969.0
2017,9,Latin America and the Caribbean,26000.0
2018,5,Northern America,
2018,9,South-eastern Asia,1709511.0
2019,9,Northern America,1000.0
2019,9,Eastern Asia,5300000.0
2019,12,Sub-Saharan Africa,20293.0
2020,5,South-eastern Asia,578740.0
2020,5,Latin America and the Caribbean,1200.0
2020,7,Latin America and the Caribbean,
2020,12,Melanesia,22000.0
2021,2,South-eastern Asia,272453.0
2021,7,Eastern Asia,72000.0
2021,10,South-eastern Asia,82500.0
2021,12,Southern Asia,2050.0
2022,9,Eastern Asia,1340.0
2022,10,Latin America and the Caribbean,144000.0
2022,11,Northern America,1500.0
2023,8,Northern America,
2024,9,South-eastern Asia,51440.0
1923,9,Latin America and the Caribbean,1300.0
1972,2,Melanesia,
1977,7,South-eastern Asia,863.0
1978,12,Sub-Saharan Africa,105000.0
1980,3,South-eastern Asia,665.0
1981,11,South-eastern Asia,5736.0
1984,9,Latin America and the Caribbean,10000.0
1985,8,Northern America,1000000.0
1985,11,Latin America and the Caribbean,498891.0
1986,10,South-eastern Asia,3134.0
1986,8,Eastern Asia,15.0
1991,7,South-eastern Asia,2500.0
1992,8,Latin America and the Caribbean,1700.0
1993,1,Melanesia,88500.0
1993,3,Melanesia,12005.0
1993,6,Eastern Asia,204.0
1994,4,Sub-Saharan Africa,2500.0
1994,9,Latin America and the Caribbean,750.0
1997,6,Latin America and the Caribbean,2000.0
1997,9,Eastern Asia,67000.0
1998,9,Northern America,5127.0
1999,9,Eastern Asia,514.0
1999,10,Latin America and the Caribbean,254990.0
1999,11,Latin America and the Caribbean,899.0
2000,7,Eastern Asia,900.0
2000,8,Eastern Asia,37770.0
2001,8,Eastern Asia,
2002,9,Latin America and the Caribbean,1500.0
2002,9,Latin America and the Caribbean,
2002,9,Latin America and the Caribbean,250.0
2003,9,Eastern Asia,22.0
2003,9,Northern America,
2003,6,Northern America,4.0
2004,3,Latin America and the Caribbean,150060.0
2004,8,Latin America and the Caribbean,244005.0
2004,9,Latin America and the Caribbean,
2005,7,Latin America and the Caribbean,2296.0
2005,10,Latin America and the Caribbean,100000.0
2005,10,Northern America,30000.0
2005,10,Latin America and the Caribbean,5763.0
2006,7,South-eastern Asia,200355.0
2006,9,Latin America and the Caribbean,240700.0
2006,10,Latin America and the Caribbean,20000.0
2007,8,Latin America and the Caribbean,33188.0
2007,9,Eastern Asia,
2007,8,Eastern Asia,982.0
2008,5,Latin America and the Caribbean,55000.0
2008,8,Latin America and the Caribbean,
2008,8,Latin America and the Caribbean,
2008,8,Eastern Asia,900000.0
2009,9,Latin America and the Caribbean,72000.0
2009,10,Eastern Asia,5119.0
2009,11,South-eastern Asia,48142.0
2010,9,Latin America and the Caribbean,
2011,8,Latin America and the Caribbean,37000.0
2012,8,South-eastern Asia,
2012,9,South-eastern Asia,7921.0
2013,5,Latin America and the Caribbean,12000.0
2013,10,South-eastern Asia,220443.0
2014,9,South-eastern Asia,431086.0
2017,9,Latin America and the Caribbean,15000.0
2017,9,Latin America and the Caribbean,
2017,9,Latin America and the Caribbean,5040.0
2017,9,Latin America and the Caribbean,
2017,9,Latin America and the Caribbean,80002.0
2017,9,Northern America,
2018,9,Eastern Asia,18200.0
2019,7,South-eastern Asia,2000.0
2019,12,South-eastern Asia,2647558.0
2020,3,Sub-Saharan Africa,3200.0
2020,5,Southern Asia,1100.0
2020,8,South-eastern Asia,
2020,8,Latin America and the Caribbean,10000.0
2020,10,Northern America,9400.0
2020,11,Latin America and the Caribbean,
2021,1,Sub-Saharan Africa,3200.0
2022,7,Latin America and the Caribbean,3012.0
2022,10,Latin America and the Caribbean,457311.0
2022,10,Latin America and the Caribbean,15000.0
2023,8,South-eastern Asia,900003.0
2024,1,Sub-Saharan Africa,700.0
2024,6,Latin America and the Caribbean,
2024,9,South-eastern Asia,219008.0
1939,3,Melanesia,
1948,9,Latin America and the Caribbean,
1966,11,Melanesia,1000.0
1971,12,Australia and New Zealand,
1972,6,Melanesia,
1972,10,Micronesia,700.0
1972,10,Melanesia,120000.0
1973,4,Polynesia,900.0
1974,11,South-eastern Asia,24138.0
1976,6,South-eastern Asia,2812.0
1976,7,Eastern Asia,1.0
1978,7,Eastern Asia,1276.0
1979,5,Southern Asia,150.0
1979,8,Latin America and the Caribbean,4500.0
1980,8,Latin America and the Caribbean,
1981,12,Melanesia,
1982,9,Sub-Saharan Africa,2222.0
1982,11,Northern America,500.0
1983,9,South-eastern Asia,1684.0
1985,3,Melanesia,2000.0
1986,2,Australia and New Zealand,1012.0
1987,9,Latin America and the Caribbean,
1992,8,Latin America and the Caribbean,10000.0
1992,10,South-eastern Asia,106109.0
1993,5,Northern America,60.0
1994,8,Eastern Asia,
1994,7,South-eastern Asia,5300.0
1994,9,Eastern Asia,7.0
1995,9,Eastern Asia,500.0
1996,12,Sub-Saharan Africa,
1997,8,Eastern Asia,
1998,10,Latin America and the Caribbean,7500.0
1999,8,Northern America,
1999,11,Latin America and the Caribbean,
1999,8,Northern America,
2001,8,South-eastern Asia,10003.0
2001,9,Latin America and the Caribbean,3800.0
2001,10,Latin America and the Caribbean,175.0
2002,1,Sub-Saharan Africa,1050.0
2002,8,Eastern Asia,7401.0
2002,10,Latin America and the Caribbean,281470.0
2002,10,Latin America and the Caribbean,9000.0
2003,9,Eastern Asia,
2004,6,Micronesia,200.0
2004,9,Eastern Europe,
2004,9,Latin America and the Caribbean,6500.0
2004,12,Eastern Asia,
2005,8,Eastern Asia,94.0
2005,9,Eastern Asia,59.0
2005,10,Latin America and the Caribbean,7880.0
2005,11,Latin America and the Caribbean,
2006,2,Sub-Saharan Africa,6212.0
2006,7,Eastern Asia,
2007,4,Sub-Saharan Africa,
2007,8,South-eastern Asia,380000.0
2007,12,Latin America and the Caribbean,2352.0
2008,9,Eastern Asia,60.0
2009,8,Northern America,9.0
2009,9,South-eastern Asia,48333.0
2009,10,Eastern Asia,
2010,4,Southern Asia,10000.0
2010,9,Latin America and the Caribbean,1075.0
2010,9,Eastern Asia,186000.0
2011,1,Polynesia,7600.0
2011,6,Latin America and the Caribbean,450.0
2011,7,Latin America and the Caribbean,200000.0
2011,8,Latin America and the Caribbean,7000.0
2011,9,Eastern Asia,1000000.0
2012,3,Sub-Saharan Africa,4958.0
2012,8,Eastern Asia,6000007.0
2012,10,Latin America and the Caribbean,22000.0
2013,7,Eastern Asia,54.0
2014,8,Latin America and the Caribbean,30000.0
2014,9,Latin America and the Caribbean,7500.0
2015,9,Eastern Asia,376.0
2015,9,South-eastern Asia,1440.0
2016,7,Eastern Asia,300.0
2016,9,Northern America,14070.0
2017,9,Latin America and the Caribbean,
2017,9,Latin America and the Caribbean,
2017,9,Latin America and the Caribbean,1110.0
2017,10,Latin America and the Caribbean,120.0
2018,1,South-eastern Asia,83917.0
2018,8,Eastern Asia,2400.0
2018,10,Eastern Asia,4200.0
2019,3,Sub-Saharan Africa,1100.0
2019,9,Eastern Asia,71.0
2019,10,Eastern Asia,
2019,10,Eastern Asia,120150.0
2019,11,South-eastern Asia,2150.0
2020,4,Melanesia,130120.0
2020,10,South-eastern Asia,250.0
2021,1,Sub-Saharan Africa,2400.0
2021,5,Southern Asia,1300000.0
2021,6,Latin America and the Caribbean,600.0
2021,10,South-eastern Asia,8048.0
2021,12,South-eastern Asia,
2022,6,Latin America and the Caribbean,6780.0
2022,9,Latin America and the Caribbean,3200000.0
2022,9,Eastern Asia,13323.0
2022,10,Latin America and the Caribbean,1000.0
2023,5,Southern Asia,750012.0
2023,6,Eastern Asia,35.0
2023,8,Eastern Europe,13200.0
2023,8,Latin America and the Caribbean,289083.0
2023,9,Eastern Asia,3600.0
2023,10,Southern Asia,1500000.0
2023,10,Latin America and the Caribbean,500.0
2024,7,Latin America and the Caribbean,160060.0
2024,7,Latin America and the Caribbean,15000.0
2024,9,South-eastern Asia,1850.0
2024,10,Eastern Asia,500.0
2024,10,Latin America and the Caribbean,3900.0
2024,10,Eastern Asia,690.0
2025,1,Sub-Saharan Africa,7028.0
1948,3,Melanesia,
1950,9,Latin America and the Caribbean,
1951,2,Melanesia,
1960,9,Latin America and the Caribbean,
1961,3,Polynesia,8000.0
1965,2,Melanesia,10000.0
1967,9,Latin America and the Caribbean,
1969,9,Latin America and the Caribbean,4640.0
1972,2,Sub-Saharan Africa,25016.0
1974,8,Latin America and the Caribbean,50000.0
1977,10,Southern Asia,10000.0
1979,2,Melanesia,6000.0
1980,7,Eastern Asia,68.0
1982,1,South-eastern Asia,123.0
1984,10,Latin America and the Caribbean,10000.0
1985,2,Sub-Saharan Africa,35000.0
1985,9,Eastern Asia,612.0
1986,10,South-eastern Asia,308.0
1989,9,Latin America and the Caribbean,8030.0
1989,7,Eastern Asia,368.0
1989,4,Australia and New Zealand,
1989,10,Northern America,
1991,7,South-eastern Asia,10000.0
1991,10,Northern America,1500.0
1991,10,Northern America,
1992,1,Melanesia,10.0
1993,6,South-eastern Asia,43735.0
1993,8,Latin America and the Caribbean,3010.0
1993,10,Eastern Asia,189.0
1994,2,Sub-Saharan Africa,2300.0
1994,6,South-eastern Asia,23952.0
1994,11,Latin America and the Caribbean,110558.0
1995,6,Latin America and the Caribbean,163.0
1995,9,Latin America and the Caribbean,3702.0
1995,9,Northern America,
1995,9,Latin America and the Caribbean,40000.0
1995,9,Latin America and the Caribbean,5001.0
1996,7,Eastern Asia,
1996,7,Latin America and the Caribbean,
1996,10,Northern Europe,
1996,11,Latin America and the Caribbean,
1997,8,South-eastern Asia,2115.0
1998,9,Latin America and the Caribbean,1660.0
1998,9,Eastern Asia,9023.0
1998,9,Latin America and the Caribbean,2025.0
1998,10,Eastern Asia,400000.0
1998,8,Northern America,17000.0
1999,9,Eastern Asia,493.0
1999,11,Latin America and the Caribbean,
2000,1,Sub-Saharan Africa,600.0
2000,8,South-eastern Asia,41219.0
2000,10,Northern America,17433.0
2001,10,Latin America and the Caribbean,
2002,1,Sub-Saharan Africa,1900.0
2002,9,Latin America and the Caribbean,1500.0
2002,9,Latin America and the Caribbean,300.0
2003,3,Melanesia,1100.0
2003,9,Latin America and the Caribbean,6000.0
2003,9,Northern America,200.0
2003,8,Latin America and the Caribbean,3000.0
2004,2,Melanesia,54008.0
2004,8,Eastern Asia,41357.0
2004,8,Eastern Asia,2.0
2004,9,Latin America and the Caribbean,8000.0
2004,9,Latin America and the Caribbean,
2004,9,Latin America and the Caribbean,3500.0
2005,7,Latin America and the Caribbean,
2005,6,Latin America and the Caribbean,15000.0
2005,10,Eastern Asia,46.0
2007,2,Sub-Saharan Africa,
2007,2,Sub-Saharan Africa,90.0
2007,8,Latin America and the Caribbean,7530.0
2007,9,South-eastern Asia,30000.0
2007,3,Australia and New Zealand,820.0
2008,7,Eastern Asia,
2008,7,Latin America and the Caribbean,500000.0
2008,8,South-eastern Asia,4498.0
2008,9,Eastern Asia,112.0
2008,7,South-eastern Asia,31130.0
2009,11,South-eastern Asia,
2009,12,Melanesia,3845.0
2010,3,Melanesia,39101.0
2010,7,Eastern Asia,
2010,9,Eastern Asia,100.0
2011,8,Latin America and the Caribbean,1544.0
2012,8,Eastern Asia,107500.0
2012,9,Eastern Asia,18225.0
2012,12,Melanesia,8400.0
2012,8,Eastern Asia,
2013,8,Eastern Asia,
2014,7,South-eastern Asia,683.0
2015,1,South-eastern Asia,21687.0
2015,5,South-eastern Asia,523.0
2015,7,Eastern Asia,845.0
2015,10,South-eastern Asia,3500.0
2016,4,Melanesia,5000.0
2016,7,South-eastern Asia,3359.0
2016,8,Eastern Asia,3703.0
2017,8,Eastern Asia,1389.0
2017,9,Latin America and the Caribbean,
2017,9,Eastern Asia,21656.0
2018,5,Sub-Saharan Africa,25000.0
2018,8,Eastern Asia,300.0
2018,10,Southern Europe,88.0
2018,10,Micronesia,
2019,8,Eastern Asia,
2019,8,South-eastern Asia,61502.0
2019,9,Eastern Asia,83370.0
2019,9,Latin America and the Caribbean,1000.0
2020,1,Melanesia,3115.0
2020,5,Latin America and the Caribbean,306886.0
2020,7,South-eastern Asia,10000.0
2020,7,Latin America and the Caribbean,5595.0
2020,9,Eastern Asia,52.0
2020,9,Eastern Asia,
2020,10,South-eastern Asia,69764.0
2020,10,South-eastern Asia,70780.0
2020,11,Latin America and the Caribbean,30000.0
2020,11,Latin America and the Caribbean,131298.0
2020,11,South-eastern Asia,5000.0
2021,1,Sub-Saharan Africa,1000.0
2021,6,Latin America and the Caribbean,621.0
2021,7,Latin America and the Caribbean,153.0
2021,8,Latin America and the Caribbean,1503.0
2021,9,South-eastern Asia,310.0
2021,10,Southern Asia,122.0
2022,3,Sub-Saharan Africa,900.0
2022,9,Latin America and the Caribbean,1434802.0
2022,12,Southern Asia,6500.0
2023,2,Sub-Saharan Africa,
2023,5,Micronesia,100000.0
2023,7,South-eastern Asia,450.0
2023,8,Eastern Asia,41.0
2023,8,Eastern Asia,
2024,1,Sub-Saharan Africa,100000.0
2024,3,Sub-Saharan Africa,93325.0
2024,9,Eastern Asia,92.0
2024,9,Eastern Asia,
2024,10,Southern Asia,
2024,11,Latin America and the Caribbean,
2024,11,Latin America and the Caribbean,
2024,11,Latin America and the Caribbean,127716.0
2024,11,Latin America and the Caribbean,
1955,3,Melanesia,
1959,1,Melanesia,
1963,8,South-eastern Asia,2000.0
1968,12,Melanesia,200.0
1973,7,Eastern Asia,276.0
1974,10,Eastern Asia,1000.0
1977,7,South-eastern Asia,3060.0
1977,9,Eastern Asia,108.0
1978,8,Eastern Asia,1194.0
1979,9,Eastern Asia,500.0
1981,2,Melanesia,2000.0
1982,4,Australia and New Zealand,
1983,4,Polynesia,5050.0
1983,12,Sub-Saharan Africa,351.0
1985,3,Melanesia,20000.0
1986,12,Polynesia,4500.0
1986,12,Melanesia,3000.0
1986,7,Eastern Asia,26.0
1987,7,Sub-Saharan Africa,3703.0
1988,3,Australia and New Zealand,
1989,1,Sub-Saharan Africa,4507.0
1989,9,Latin America and the Caribbean,1300.0
1990,2,Polynesia,3103.0
1990,2,Polynesia,
1992,12,Melanesia,2000.0
1992,8,Micronesia,5542.0
1993,11,South-eastern Asia,
1993,8,Northern America,
1993,9,Latin America and the Caribbean,30000.0
1993,9,Eastern Asia,250000.0
1993,9,Eastern Asia,258.0
1995,9,Latin America and the Caribbean,
1996,9,South-eastern Asia,
1996,9,Latin America and the Caribbean,8500.0
1996,10,Western Europe,
1996,11,Latin America and the Caribbean,
1997,8,Eastern Asia,255.0
1997,10,South-eastern Asia,4000.0
1998,9,Northern America,6.0
1999,3,Australia and New Zealand,2672.0
1999,9,Latin America and the Caribbean,
1999,10,Latin America and the Caribbean,2534.0
1999,11,Latin America and the Caribbean,3423.0
1999,11,Latin America and the Caribbean,
2000,2,Australia and New Zealand,200.0
2000,4,Sub-Saharan Africa,304.0
2000,9,Latin America and the Caribbean,2300.0
2000,10,Latin America and the Caribbean,100.0
2001,2,Melanesia,
2001,4,Melanesia,800.0
2001,3,Melanesia,
2001,7,Eastern Asia,6.0
2001,11,Latin America and the Caribbean,200.0
2002,3,Sub-Saharan Africa,
2002,9,Northern America,13200.0
2002,12,Micronesia,11100.0
2003,9,Eastern Asia,223.0
2004,1,Polynesia,702.0
2004,1,Polynesia,
2004,4,Micronesia,6008.0
2004,6,South-eastern Asia,4000.0
2004,6,Micronesia,300.0
2004,8,Latin America and the Caribbean,126.0
2004,8,Latin America and the Caribbean,
2004,9,Latin America and the Caribbean,880.0
2004,9,Latin America and the Caribbean,560.0
2005,7,Latin America and the Caribbean,8000.0
2005,10,Latin America and the Caribbean,1074.0
2005,10,Latin America and the Caribbean,10000.0
2005,10,Latin America and the Caribbean,1500.0
2005,10,Latin America and the Caribbean,100.0
2005,11,Northern Africa,
2006,10,Eastern Asia,12.0
2006,12,Sub-Saharan Africa,304.0
2007,1,Sub-Saharan Africa,7313.0
2007,4,Melanesia,
2007,8,Latin America and the Caribbean,1600.0
2007,8,Latin America and the Caribbean,
2007,8,Latin America and the Caribbean,6.0
2007,9,Latin America and the Caribbean,19500.0
2007,10,Latin America and the Caribbean,7000.0
2007,10,Latin America and the Caribbean,192488.0
2007,10,Latin America and the Caribbean,
2007,12,Latin America and the Caribbean,
2007,9,South-eastern Asia,64000.0
2008,4,South-eastern Asia,
2008,7,Eastern Asia,93006.0
2008,8,Latin America and the Caribbean,
2008,9,Latin America and the Caribbean,10745.0
2008,9,Eastern Asia,
2008,5,South-eastern Asia,8390.0
2008,9,South-eastern Asia,27683.0
2009,9,South-eastern Asia,95700.0
2010,2,Polynesia,3411.0
2010,3,Australia and New Zealand,
2010,7,Eastern Asia,15000.0
2010,9,Northern America,
2010,9,Latin America and the Caribbean,
2011,2,Australia and New Zealand,7300.0
2011,8,Latin America and the Caribbean,1500.0
2011,8,Latin America and the Caribbean,
2011,8,Northern America,
2011,8,Latin America and the Caribbean,2271.0
2012,8,Latin America and the Caribbean,45496.0
2012,8,Northern America,60000.0
2012,10,Eastern Asia,126000.0
2012,10,Latin America and the Caribbean,
2012,10,Latin America and the Caribbean,215850.0
2012,9,South-eastern Asia,1234.0
2013,1,South-eastern Asia,10597.0
2013,7,Eastern Asia,3000.0
2013,9,Eastern Asia,4336.0
2014,1,Polynesia,4014.0
2014,1,Sub-Saharan Africa,265.0
2014,8,Northern America,834.0
2014,9,Latin America and the Caribbean,1500.0
2015,2,Australia and New Zealand,6000.0
2015,7,Eastern Asia,27.0
2016,7,South-eastern Asia,191750.0
2016,8,Latin America and the Caribbean,151.0
2016,9,Latin America and the Caribbean,
2016,9,Eastern Asia,6000.0
2017,7,Eastern Asia,131.0
2017,8,South-eastern Asia,1.0
2017,9,Latin America and the Caribbean,1800.0
2017,9,Latin America and the Caribbean,
2017,9,Latin America and the Caribbean,40092.0
2017,8,Eastern Asia,
2018,6,South-eastern Asia,
2018,7,Eastern Asia,18000.0
2019,7,Northern America,
2019,9,Latin America and the Caribbean,200.0
2019,9,Latin America and the Caribbean,
2019,11,South-eastern Asia,20014.0
2019,12,Melanesia,7780.0
2020,4,Melanesia,180000.0
2020,6,Northern America,
2020,8,Eastern Asia,1.0
2020,8,Latin America and the Caribbean,
2020,9,Eastern Asia,2400.0
2020,9,South-eastern Asia,
2020,11,Latin America and the Caribbean,
2020,12,South-eastern Asia,4.0
2021,4,Australia and New Zealand,2625.0
2021,6,South-eastern Asia,750.0
2021,7,Latin America and the Caribbean,
2021,7,Northern America,9.0
2021,10,Eastern Asia,154.0
2021,10,Eastern Asia,21.0
2022,1,Melanesia,69564.0
2022,2,Sub-Saharan Africa,139.0
2022,7,Latin America and the Caribbean,100.0
2022,9,Northern America,4000.0
2022,9,Latin America and the Caribbean,
2022,10,Latin America and the Caribbean,47100.0
2023,2,Sub-Saharan Africa,2500.0
2023,5,South-eastern Asia,30501.0
2023,5,Eastern Asia,
2023,6,Southern Asia,
2023,7,South-eastern Asia,3.0
2023,7,Eastern Asia,68.0
2023,9,Eastern Asia,2.0
2023,10,Eastern Asia,190.0
2023,10,Latin America and the Caribbean,
2023,12,South-eastern Asia,425867.0
2024,6,Latin America and the Caribbean,1500.0
2024,7,Northern America,
2024,8,Northern America,
2024,9,Eastern Asia,
2024,11,Latin America and the Caribbean,
2024,11,South-eastern Asia,375001.0
2024,11,Latin America and the Caribbean,
